name,family,ticker,category,is_sharpe,oos_sharpe,oos_drawdown,trade_count
high52_momentum__period252__threshold0.7,high52_momentum,SPY,trend,0.4473,0.4619,-0.2887,135
high52_momentum__period252__threshold0.75,high52_momentum,SPY,trend,0.4247,0.5388,-0.2172,165
high52_momentum__period252__threshold0.8,high52_momentum,SPY,trend,0.3935,0.3924,-0.3036,185
high52_momentum__period126__threshold0.7,high52_momentum,SPY,trend,0.3256,0.0648,-0.3715,253
high52_momentum__period126__threshold0.75,high52_momentum,SPY,trend,0.3173,0.1488,-0.3218,273
short_reversal__period5,short_reversal,SPY,meanrev,0.3548,0.2024,-0.2008,750
short_reversal__period10,short_reversal,SPY,meanrev,-0.2939,0.6786,-0.141,461
short_reversal__period15,short_reversal,SPY,meanrev,-0.1804,0.8364,-0.1458,388
short_reversal__period20,short_reversal,SPY,meanrev,-0.3723,0.2384,-0.1773,333
low_vol_regime__period20__ma_period60,low_vol_regime,SPY,volatility,-0.2178,-0.1942,-0.1753,174
low_vol_regime__period20__ma_period120,low_vol_regime,SPY,volatility,0.1164,-0.1371,-0.2048,168
low_vol_regime__period60__ma_period120,low_vol_regime,SPY,volatility,0.0781,-0.1758,-0.2453,54
low_vol_regime__period20__ma_period252,low_vol_regime,SPY,volatility,-0.0687,0.0051,-0.1673,168
low_vol_regime__period60__ma_period252,low_vol_regime,SPY,volatility,0.1593,0.3503,-0.2211,76
low_vol_regime__period120__ma_period252,low_vol_regime,SPY,volatility,0.3456,0.5429,-0.114,34
nr_breakout__nr_period4__exit_bars3,nr_breakout,SPY,pattern,0.3002,-0.0362,-0.1177,949
nr_breakout__nr_period4__exit_bars5,nr_breakout,SPY,pattern,0.2547,0.3988,-0.1371,757
nr_breakout__nr_period7__exit_bars3,nr_breakout,SPY,pattern,-0.0136,-0.0599,-0.1277,660
nr_breakout__nr_period7__exit_bars5,nr_breakout,SPY,pattern,0.1912,0.6549,-0.1051,576
nr_breakout__nr_period10__exit_bars5,nr_breakout,SPY,pattern,0.4055,0.6681,-0.121,477
nr_breakout__nr_period10__exit_bars10,nr_breakout,SPY,pattern,0.0268,1.0941,-0.0822,390
overnight_gap__period1__threshold0.001,overnight_gap,SPY,volume,-0.5832,0.7764,-0.1762,2433
overnight_gap__period1__threshold0.003,overnight_gap,SPY,volume,-0.463,0.3288,-0.2205,2220
overnight_gap__period3__threshold0.001,overnight_gap,SPY,volume,0.0084,0.4088,-0.1842,1578
overnight_gap__period3__threshold0.003,overnight_gap,SPY,volume,0.1522,0.3162,-0.1358,949
overnight_gap__period5__threshold0.001,overnight_gap,SPY,volume,-0.0241,-0.3047,-0.275,1281
overnight_gap__period5__threshold0.003,overnight_gap,SPY,volume,-0.0895,0.0934,-0.0963,555
coppock_curve__roc1252__roc2189__wma_period63,coppock_curve,SPY,trend,0.3503,0.7371,-0.1935,10
coppock_curve__roc1189__roc2126__wma_period42,coppock_curve,SPY,trend,0.4946,0.4895,-0.2919,14
coppock_curve__roc1126__roc2100__wma_period21,coppock_curve,SPY,trend,0.5329,0.4033,-0.3376,23
high52_momentum__period252__threshold0.7,high52_momentum,QQQ,trend,0.5566,0.2861,-0.3046,163
high52_momentum__period252__threshold0.75,high52_momentum,QQQ,trend,0.5341,0.3102,-0.2803,169
high52_momentum__period252__threshold0.8,high52_momentum,QQQ,trend,0.4554,0.3483,-0.1872,203
high52_momentum__period126__threshold0.7,high52_momentum,QQQ,trend,0.3601,-0.1512,-0.3467,297
high52_momentum__period126__threshold0.75,high52_momentum,QQQ,trend,0.3445,-0.2928,-0.3712,301
short_reversal__period5,short_reversal,QQQ,meanrev,0.233,-0.1398,-0.3614,729
short_reversal__period10,short_reversal,QQQ,meanrev,-0.0075,0.7185,-0.2776,502
short_reversal__period15,short_reversal,QQQ,meanrev,-0.3589,0.618,-0.2888,378
short_reversal__period20,short_reversal,QQQ,meanrev,-0.674,0.0902,-0.231,315
low_vol_regime__period20__ma_period60,low_vol_regime,QQQ,volatility,0.1266,-0.0777,-0.15,156
low_vol_regime__period20__ma_period120,low_vol_regime,QQQ,volatility,0.0218,0.2351,-0.1899,146
low_vol_regime__period60__ma_period120,low_vol_regime,QQQ,volatility,0.2691,-0.072,-0.2619,55
low_vol_regime__period20__ma_period252,low_vol_regime,QQQ,volatility,0.3137,-0.0693,-0.1989,132
low_vol_regime__period60__ma_period252,low_vol_regime,QQQ,volatility,0.0368,-0.1466,-0.373,64
low_vol_regime__period120__ma_period252,low_vol_regime,QQQ,volatility,0.3176,-0.2216,-0.346,38
nr_breakout__nr_period4__exit_bars3,nr_breakout,QQQ,pattern,0.3556,-0.6664,-0.3608,965
nr_breakout__nr_period4__exit_bars5,nr_breakout,QQQ,pattern,0.1899,-0.2287,-0.357,728
nr_breakout__nr_period7__exit_bars3,nr_breakout,QQQ,pattern,-0.058,-0.7609,-0.395,707
nr_breakout__nr_period7__exit_bars5,nr_breakout,QQQ,pattern,-0.0184,0.3251,-0.1349,621
nr_breakout__nr_period10__exit_bars5,nr_breakout,QQQ,pattern,-0.1341,0.3033,-0.1271,492
nr_breakout__nr_period10__exit_bars10,nr_breakout,QQQ,pattern,0.2229,0.368,-0.2151,393
overnight_gap__period1__threshold0.001,overnight_gap,QQQ,volume,-0.583,0.2149,-0.3404,2392
overnight_gap__period1__threshold0.003,overnight_gap,QQQ,volume,-0.4716,0.2823,-0.2541,2364
overnight_gap__period3__threshold0.001,overnight_gap,QQQ,volume,0.0503,-0.5928,-0.4738,1554
overnight_gap__period3__threshold0.003,overnight_gap,QQQ,volume,0.1413,-0.2161,-0.3098,1163
overnight_gap__period5__threshold0.001,overnight_gap,QQQ,volume,0.1149,-0.5712,-0.4219,1287
overnight_gap__period5__threshold0.003,overnight_gap,QQQ,volume,-0.2223,-0.3012,-0.2599,690
coppock_curve__roc1252__roc2189__wma_period63,coppock_curve,QQQ,trend,0.853,0.6682,-0.234,6
coppock_curve__roc1189__roc2126__wma_period42,coppock_curve,QQQ,trend,0.7426,0.6479,-0.1916,12
coppock_curve__roc1126__roc2100__wma_period21,coppock_curve,QQQ,trend,0.4255,0.6,-0.2387,24
high52_momentum__period252__threshold0.7,high52_momentum,IWM,trend,0.0924,0.0391,-0.2793,224
high52_momentum__period252__threshold0.75,high52_momentum,IWM,trend,0.1353,-0.0278,-0.2503,216
high52_momentum__period252__threshold0.8,high52_momentum,IWM,trend,0.2032,-0.1578,-0.2648,232
high52_momentum__period126__threshold0.7,high52_momentum,IWM,trend,0.1489,-0.2929,-0.2708,344
high52_momentum__period126__threshold0.75,high52_momentum,IWM,trend,0.0581,-0.4893,-0.332,360
short_reversal__period5,short_reversal,IWM,meanrev,0.3071,0.1159,-0.2872,777
short_reversal__period10,short_reversal,IWM,meanrev,-0.143,0.4976,-0.1919,530
short_reversal__period15,short_reversal,IWM,meanrev,-0.1545,0.9739,-0.1705,451
short_reversal__period20,short_reversal,IWM,meanrev,-0.0224,0.8648,-0.2046,375
low_vol_regime__period20__ma_period60,low_vol_regime,IWM,volatility,-0.0568,0.1144,-0.1268,128
low_vol_regime__period20__ma_period120,low_vol_regime,IWM,volatility,-0.0879,-0.2033,-0.1915,142
low_vol_regime__period60__ma_period120,low_vol_regime,IWM,volatility,-0.1336,-0.32,-0.2236,42
low_vol_regime__period20__ma_period252,low_vol_regime,IWM,volatility,-0.2563,-0.415,-0.2494,148
low_vol_regime__period60__ma_period252,low_vol_regime,IWM,volatility,0.028,0.356,-0.1274,48
low_vol_regime__period120__ma_period252,low_vol_regime,IWM,volatility,0.0624,0.3381,-0.1072,20
nr_breakout__nr_period4__exit_bars3,nr_breakout,IWM,pattern,-0.3389,-0.5271,-0.2938,994
nr_breakout__nr_period4__exit_bars5,nr_breakout,IWM,pattern,-0.0542,-0.3079,-0.338,791
nr_breakout__nr_period7__exit_bars3,nr_breakout,IWM,pattern,-0.4724,-0.3784,-0.2183,694
nr_breakout__nr_period7__exit_bars5,nr_breakout,IWM,pattern,-0.1746,0.4315,-0.1588,606
nr_breakout__nr_period10__exit_bars5,nr_breakout,IWM,pattern,-0.1591,0.1544,-0.1824,493
nr_breakout__nr_period10__exit_bars10,nr_breakout,IWM,pattern,-0.0352,-0.0289,-0.3215,393
overnight_gap__period1__threshold0.001,overnight_gap,IWM,volume,-0.3113,-0.1685,-0.3268,2390
overnight_gap__period1__threshold0.003,overnight_gap,IWM,volume,-0.3024,-0.0769,-0.2555,2369
overnight_gap__period3__threshold0.001,overnight_gap,IWM,volume,0.1546,-0.0842,-0.3516,1533
overnight_gap__period3__threshold0.003,overnight_gap,IWM,volume,0.16,-0.2254,-0.2666,1179
overnight_gap__period5__threshold0.001,overnight_gap,IWM,volume,0.1358,-0.9218,-0.5485,1285
overnight_gap__period5__threshold0.003,overnight_gap,IWM,volume,0.2693,-0.3969,-0.1985,748
coppock_curve__roc1252__roc2189__wma_period63,coppock_curve,IWM,trend,-0.3861,0.1608,-0.2647,14
coppock_curve__roc1189__roc2126__wma_period42,coppock_curve,IWM,trend,-0.1597,0.4888,-0.1982,18
coppock_curve__roc1126__roc2100__wma_period21,coppock_curve,IWM,trend,-0.142,0.1937,-0.2226,32
high52_momentum__period252__threshold0.7,high52_momentum,DIA,trend,0.3623,-0.0674,-0.3612,181
high52_momentum__period252__threshold0.75,high52_momentum,DIA,trend,0.3462,-0.2885,-0.3913,214
high52_momentum__period252__threshold0.8,high52_momentum,DIA,trend,0.3313,-0.3648,-0.3613,232
high52_momentum__period126__threshold0.7,high52_momentum,DIA,trend,0.2648,-0.2943,-0.3207,284
high52_momentum__period126__threshold0.75,high52_momentum,DIA,trend,0.284,-0.2617,-0.2571,308
short_reversal__period5,short_reversal,DIA,meanrev,-0.0376,0.0346,-0.1823,722
short_reversal__period10,short_reversal,DIA,meanrev,-0.5248,0.7327,-0.1418,486
short_reversal__period15,short_reversal,DIA,meanrev,-0.3759,0.8531,-0.1212,414
short_reversal__period20,short_reversal,DIA,meanrev,-0.3787,0.6158,-0.2054,324
low_vol_regime__period20__ma_period60,low_vol_regime,DIA,volatility,-0.0775,-0.1296,-0.159,150
low_vol_regime__period20__ma_period120,low_vol_regime,DIA,volatility,0.1136,0.1692,-0.1899,158
low_vol_regime__period60__ma_period120,low_vol_regime,DIA,volatility,-0.0946,0.0176,-0.192,60
low_vol_regime__period20__ma_period252,low_vol_regime,DIA,volatility,-0.1405,0.2364,-0.1486,150
low_vol_regime__period60__ma_period252,low_vol_regime,DIA,volatility,0.2571,-0.0278,-0.2207,58
low_vol_regime__period120__ma_period252,low_vol_regime,DIA,volatility,0.6845,-0.0532,-0.1941,44
nr_breakout__nr_period4__exit_bars3,nr_breakout,DIA,pattern,0.013,-0.4901,-0.2362,973
nr_breakout__nr_period4__exit_bars5,nr_breakout,DIA,pattern,0.0876,0.056,-0.1709,745
nr_breakout__nr_period7__exit_bars3,nr_breakout,DIA,pattern,0.164,-0.3123,-0.2048,690
nr_breakout__nr_period7__exit_bars5,nr_breakout,DIA,pattern,0.3355,0.6664,-0.1184,594
nr_breakout__nr_period10__exit_bars5,nr_breakout,DIA,pattern,0.3546,0.5832,-0.1248,468
nr_breakout__nr_period10__exit_bars10,nr_breakout,DIA,pattern,0.1227,0.1288,-0.1628,385
overnight_gap__period1__threshold0.001,overnight_gap,DIA,volume,-0.3151,0.5534,-0.1931,2455
overnight_gap__period1__threshold0.003,overnight_gap,DIA,volume,-0.2784,0.3677,-0.1819,2143
overnight_gap__period3__threshold0.001,overnight_gap,DIA,volume,0.2886,0.3102,-0.2,1553
overnight_gap__period3__threshold0.003,overnight_gap,DIA,volume,0.1068,0.2789,-0.1337,858
overnight_gap__period5__threshold0.001,overnight_gap,DIA,volume,0.1221,-0.4078,-0.2593,1255
overnight_gap__period5__threshold0.003,overnight_gap,DIA,volume,0.0504,0.1687,-0.1194,551
coppock_curve__roc1252__roc2189__wma_period63,coppock_curve,DIA,trend,0.651,0.2225,-0.2997,10
coppock_curve__roc1189__roc2126__wma_period42,coppock_curve,DIA,trend,0.5075,0.0794,-0.3223,12
coppock_curve__roc1126__roc2100__wma_period21,coppock_curve,DIA,trend,0.4992,0.3251,-0.2644,18
high52_momentum__period252__threshold0.7,high52_momentum,XLK,trend,0.4325,0.125,-0.3489,183
high52_momentum__period252__threshold0.75,high52_momentum,XLK,trend,0.3964,0.1913,-0.275,195
high52_momentum__period252__threshold0.8,high52_momentum,XLK,trend,0.4611,0.0072,-0.3162,211
high52_momentum__period126__threshold0.7,high52_momentum,XLK,trend,0.3728,-0.1996,-0.3457,287
high52_momentum__period126__threshold0.75,high52_momentum,XLK,trend,0.1929,-0.2088,-0.3518,329
short_reversal__period5,short_reversal,XLK,meanrev,0.4497,0.2452,-0.2769,769
short_reversal__period10,short_reversal,XLK,meanrev,-0.1328,0.5525,-0.2321,502
short_reversal__period15,short_reversal,XLK,meanrev,0.1128,0.317,-0.2925,392
short_reversal__period20,short_reversal,XLK,meanrev,-0.3773,0.5547,-0.2069,345
low_vol_regime__period20__ma_period60,low_vol_regime,XLK,volatility,0.0268,-0.1046,-0.1921,131
low_vol_regime__period20__ma_period120,low_vol_regime,XLK,volatility,0.0409,0.1475,-0.174,156
low_vol_regime__period60__ma_period120,low_vol_regime,XLK,volatility,0.3993,-0.1439,-0.2638,44
low_vol_regime__period20__ma_period252,low_vol_regime,XLK,volatility,0.3466,-0.013,-0.256,154
low_vol_regime__period60__ma_period252,low_vol_regime,XLK,volatility,0.1257,-0.2032,-0.3568,50
low_vol_regime__period120__ma_period252,low_vol_regime,XLK,volatility,0.18,0.0813,-0.2849,30
nr_breakout__nr_period4__exit_bars3,nr_breakout,XLK,pattern,0.3374,-0.6467,-0.3577,963
nr_breakout__nr_period4__exit_bars5,nr_breakout,XLK,pattern,0.3752,-0.3552,-0.4,746
nr_breakout__nr_period7__exit_bars3,nr_breakout,XLK,pattern,0.0284,-0.1052,-0.2236,681
nr_breakout__nr_period7__exit_bars5,nr_breakout,XLK,pattern,0.0126,0.3062,-0.2477,612
nr_breakout__nr_period10__exit_bars5,nr_breakout,XLK,pattern,-0.1973,0.3685,-0.1867,482
nr_breakout__nr_period10__exit_bars10,nr_breakout,XLK,pattern,-0.0736,0.1545,-0.2298,365
overnight_gap__period1__threshold0.001,overnight_gap,XLK,volume,-0.5301,0.3236,-0.2772,2388
overnight_gap__period1__threshold0.003,overnight_gap,XLK,volume,-0.3951,0.7138,-0.2133,2386
overnight_gap__period3__threshold0.001,overnight_gap,XLK,volume,0.0638,-0.1674,-0.4774,1510
overnight_gap__period3__threshold0.003,overnight_gap,XLK,volume,-0.151,-0.2398,-0.4029,1208
overnight_gap__period5__threshold0.001,overnight_gap,XLK,volume,-0.1171,-0.2009,-0.3327,1246
overnight_gap__period5__threshold0.003,overnight_gap,XLK,volume,-0.1856,-0.4852,-0.3223,764
coppock_curve__roc1252__roc2189__wma_period63,coppock_curve,XLK,trend,0.7949,0.6253,-0.2378,6
coppock_curve__roc1189__roc2126__wma_period42,coppock_curve,XLK,trend,0.6772,0.4651,-0.2735,10
coppock_curve__roc1126__roc2100__wma_period21,coppock_curve,XLK,trend,0.3643,0.4577,-0.333,22
high52_momentum__period252__threshold0.7,high52_momentum,XLF,trend,0.3341,0.2809,-0.4348,197
high52_momentum__period252__threshold0.75,high52_momentum,XLF,trend,0.4509,0.4725,-0.3393,191
high52_momentum__period252__threshold0.8,high52_momentum,XLF,trend,0.3077,0.3323,-0.3199,207
high52_momentum__period126__threshold0.7,high52_momentum,XLF,trend,0.1158,0.0067,-0.4449,315
high52_momentum__period126__threshold0.75,high52_momentum,XLF,trend,0.1465,0.0539,-0.3545,328
short_reversal__period5,short_reversal,XLF,meanrev,-0.1065,0.7489,-0.238,804
short_reversal__period10,short_reversal,XLF,meanrev,0.0709,0.3918,-0.2002,573
short_reversal__period15,short_reversal,XLF,meanrev,-0.2133,0.4717,-0.2623,440
short_reversal__period20,short_reversal,XLF,meanrev,-0.0733,0.2037,-0.2414,373
low_vol_regime__period20__ma_period60,low_vol_regime,XLF,volatility,-0.1525,0.2521,-0.1197,151
low_vol_regime__period20__ma_period120,low_vol_regime,XLF,volatility,-0.4867,0.5107,-0.1465,160
low_vol_regime__period60__ma_period120,low_vol_regime,XLF,volatility,-0.3806,-0.1555,-0.2963,55
low_vol_regime__period20__ma_period252,low_vol_regime,XLF,volatility,-0.1462,0.2407,-0.2148,148
low_vol_regime__period60__ma_period252,low_vol_regime,XLF,volatility,-0.1229,0.3485,-0.1831,52
low_vol_regime__period120__ma_period252,low_vol_regime,XLF,volatility,0.5557,0.4373,-0.143,34
nr_breakout__nr_period4__exit_bars3,nr_breakout,XLF,pattern,-0.4889,-0.1627,-0.2418,955
nr_breakout__nr_period4__exit_bars5,nr_breakout,XLF,pattern,0.1054,0.0741,-0.2771,761
nr_breakout__nr_period7__exit_bars3,nr_breakout,XLF,pattern,-0.2,0.2584,-0.2014,708
nr_breakout__nr_period7__exit_bars5,nr_breakout,XLF,pattern,0.0081,0.2785,-0.2841,607
nr_breakout__nr_period10__exit_bars5,nr_breakout,XLF,pattern,0.0359,0.3808,-0.1766,468
nr_breakout__nr_period10__exit_bars10,nr_breakout,XLF,pattern,-0.1723,-0.3306,-0.3213,375
overnight_gap__period1__threshold0.001,overnight_gap,XLF,volume,-0.5688,0.0002,-0.2565,2389
overnight_gap__period1__threshold0.003,overnight_gap,XLF,volume,-0.2621,0.0401,-0.3205,2414
overnight_gap__period3__threshold0.001,overnight_gap,XLF,volume,0.0086,0.0659,-0.2869,1476
overnight_gap__period3__threshold0.003,overnight_gap,XLF,volume,0.1749,-0.0392,-0.242,1188
overnight_gap__period5__threshold0.001,overnight_gap,XLF,volume,-0.0846,-0.409,-0.3836,1240
overnight_gap__period5__threshold0.003,overnight_gap,XLF,volume,-0.2525,-0.1016,-0.2122,820
coppock_curve__roc1252__roc2189__wma_period63,coppock_curve,XLF,trend,-0.0977,0.847,-0.1843,12
coppock_curve__roc1189__roc2126__wma_period42,coppock_curve,XLF,trend,0.154,0.7044,-0.3112,19
coppock_curve__roc1126__roc2100__wma_period21,coppock_curve,XLF,trend,0.413,0.7802,-0.2649,21
high52_momentum__period252__threshold0.7,high52_momentum,XLE,trend,0.2698,0.2099,-0.246,170
high52_momentum__period252__threshold0.75,high52_momentum,XLE,trend,0.0749,-0.0106,-0.2615,194
high52_momentum__period252__threshold0.8,high52_momentum,XLE,trend,0.0001,-0.0779,-0.3154,216
high52_momentum__period126__threshold0.7,high52_momentum,XLE,trend,0.1536,-0.093,-0.3278,297
high52_momentum__period126__threshold0.75,high52_momentum,XLE,trend,-0.0644,-0.2759,-0.3506,319
short_reversal__period5,short_reversal,XLE,meanrev,-0.1087,0.1163,-0.3384,794
short_reversal__period10,short_reversal,XLE,meanrev,-0.304,-0.0203,-0.3163,521
short_reversal__period15,short_reversal,XLE,meanrev,-0.0535,-0.236,-0.4489,440
short_reversal__period20,short_reversal,XLE,meanrev,-0.2568,-0.5205,-0.5996,334
low_vol_regime__period20__ma_period60,low_vol_regime,XLE,volatility,-0.0817,0.5998,-0.1123,134
low_vol_regime__period20__ma_period120,low_vol_regime,XLE,volatility,-0.0711,0.3141,-0.1782,134
low_vol_regime__period60__ma_period120,low_vol_regime,XLE,volatility,0.0361,-0.9993,-0.4487,42
low_vol_regime__period20__ma_period252,low_vol_regime,XLE,volatility,-0.1285,-0.467,-0.3957,160
low_vol_regime__period60__ma_period252,low_vol_regime,XLE,volatility,-0.3244,-0.4531,-0.3685,82
low_vol_regime__period120__ma_period252,low_vol_regime,XLE,volatility,0.0468,0.099,-0.1444,48
nr_breakout__nr_period4__exit_bars3,nr_breakout,XLE,pattern,-0.1423,-0.1549,-0.359,974
nr_breakout__nr_period4__exit_bars5,nr_breakout,XLE,pattern,-0.2374,0.2669,-0.2835,752
nr_breakout__nr_period7__exit_bars3,nr_breakout,XLE,pattern,-0.0748,0.257,-0.2331,693
nr_breakout__nr_period7__exit_bars5,nr_breakout,XLE,pattern,-0.0396,0.5362,-0.2208,595
nr_breakout__nr_period10__exit_bars5,nr_breakout,XLE,pattern,0.1666,0.0371,-0.1981,477
nr_breakout__nr_period10__exit_bars10,nr_breakout,XLE,pattern,0.4224,-0.3948,-0.3277,367
overnight_gap__period1__threshold0.001,overnight_gap,XLE,volume,-0.2518,0.6204,-0.3372,2240
overnight_gap__period1__threshold0.003,overnight_gap,XLE,volume,-0.2471,0.4387,-0.3624,2457
overnight_gap__period3__threshold0.001,overnight_gap,XLE,volume,-0.1364,0.8337,-0.1721,1490
overnight_gap__period3__threshold0.003,overnight_gap,XLE,volume,-0.1823,0.2887,-0.331,1360
overnight_gap__period5__threshold0.001,overnight_gap,XLE,volume,-0.3689,0.8193,-0.2063,1232
overnight_gap__period5__threshold0.003,overnight_gap,XLE,volume,-0.2027,0.26,-0.2487,989
coppock_curve__roc1252__roc2189__wma_period63,coppock_curve,XLE,trend,-0.0421,0.4835,-0.2128,10
coppock_curve__roc1189__roc2126__wma_period42,coppock_curve,XLE,trend,0.2668,0.5984,-0.2106,12
coppock_curve__roc1126__roc2100__wma_period21,coppock_curve,XLE,trend,0.0907,-0.222,-0.4198,36
high52_momentum__period252__threshold0.7,high52_momentum,XLV,trend,0.1682,0.3478,-0.2843,183
high52_momentum__period252__threshold0.75,high52_momentum,XLV,trend,0.2488,0.3452,-0.2664,163
high52_momentum__period252__threshold0.8,high52_momentum,XLV,trend,0.3952,0.444,-0.19,159
high52_momentum__period126__threshold0.7,high52_momentum,XLV,trend,0.1308,0.0484,-0.3315,301
high52_momentum__period126__threshold0.75,high52_momentum,XLV,trend,-0.0615,0.2,-0.2562,313
short_reversal__period5,short_reversal,XLV,meanrev,0.1709,-0.1569,-0.417,755
short_reversal__period10,short_reversal,XLV,meanrev,-0.2721,0.1861,-0.2623,517
short_reversal__period15,short_reversal,XLV,meanrev,0.0319,0.4314,-0.3238,416
short_reversal__period20,short_reversal,XLV,meanrev,-0.0553,0.0657,-0.2237,341
low_vol_regime__period20__ma_period60,low_vol_regime,XLV,volatility,-0.3018,0.1381,-0.1042,128
low_vol_regime__period20__ma_period120,low_vol_regime,XLV,volatility,-0.2423,0.3276,-0.1177,136
low_vol_regime__period60__ma_period120,low_vol_regime,XLV,volatility,-0.1857,0.5477,-0.1215,48
low_vol_regime__period20__ma_period252,low_vol_regime,XLV,volatility,-0.1532,0.5562,-0.1202,150
low_vol_regime__period60__ma_period252,low_vol_regime,XLV,volatility,-0.1341,0.6252,-0.156,48
low_vol_regime__period120__ma_period252,low_vol_regime,XLV,volatility,-0.1775,0.0014,-0.2345,26
nr_breakout__nr_period4__exit_bars3,nr_breakout,XLV,pattern,-0.3192,0.5578,-0.1244,956
nr_breakout__nr_period4__exit_bars5,nr_breakout,XLV,pattern,-0.5108,0.1174,-0.2422,753
nr_breakout__nr_period7__exit_bars3,nr_breakout,XLV,pattern,-0.0815,0.3356,-0.112,665
nr_breakout__nr_period7__exit_bars5,nr_breakout,XLV,pattern,0.0272,0.3269,-0.1456,576
nr_breakout__nr_period10__exit_bars5,nr_breakout,XLV,pattern,0.033,-0.4949,-0.2713,469
nr_breakout__nr_period10__exit_bars10,nr_breakout,XLV,pattern,-0.5919,0.0302,-0.1758,384
overnight_gap__period1__threshold0.001,overnight_gap,XLV,volume,-0.5508,0.2341,-0.2653,2450
overnight_gap__period1__threshold0.003,overnight_gap,XLV,volume,-0.2553,0.3536,-0.1468,2069
overnight_gap__period3__threshold0.001,overnight_gap,XLV,volume,0.1978,0.6659,-0.1657,1500
overnight_gap__period3__threshold0.003,overnight_gap,XLV,volume,-0.0776,0.2753,-0.1022,830
overnight_gap__period5__threshold0.001,overnight_gap,XLV,volume,0.4571,-0.0401,-0.1693,1143
overnight_gap__period5__threshold0.003,overnight_gap,XLV,volume,-0.079,0.1001,-0.1153,482
coppock_curve__roc1252__roc2189__wma_period63,coppock_curve,XLV,trend,0.5876,0.6096,-0.1644,6
coppock_curve__roc1189__roc2126__wma_period42,coppock_curve,XLV,trend,0.5726,0.2389,-0.3016,19
coppock_curve__roc1126__roc2100__wma_period21,coppock_curve,XLV,trend,0.0192,0.4219,-0.2576,38
high52_momentum__period252__threshold0.7,high52_momentum,XLI,trend,0.4115,-0.0611,-0.3974,186
high52_momentum__period252__threshold0.75,high52_momentum,XLI,trend,0.3006,0.0039,-0.3713,200
high52_momentum__period252__threshold0.8,high52_momentum,XLI,trend,0.0639,-0.0991,-0.376,248
high52_momentum__period126__threshold0.7,high52_momentum,XLI,trend,0.3451,-0.2539,-0.418,302
high52_momentum__period126__threshold0.75,high52_momentum,XLI,trend,0.2282,-0.3785,-0.3959,338
short_reversal__period5,short_reversal,XLI,meanrev,0.0262,-0.0505,-0.289,737
short_reversal__period10,short_reversal,XLI,meanrev,-0.288,0.6307,-0.2418,509
short_reversal__period15,short_reversal,XLI,meanrev,-0.0169,0.2959,-0.2597,442
short_reversal__period20,short_reversal,XLI,meanrev,-0.1164,0.4487,-0.2849,377
low_vol_regime__period20__ma_period60,low_vol_regime,XLI,volatility,-0.3277,-0.5856,-0.2686,132
low_vol_regime__period20__ma_period120,low_vol_regime,XLI,volatility,-0.4433,-0.067,-0.2182,156
low_vol_regime__period60__ma_period120,low_vol_regime,XLI,volatility,-0.6129,-0.3813,-0.2609,48
low_vol_regime__period20__ma_period252,low_vol_regime,XLI,volatility,-0.5443,-0.2078,-0.1836,158
low_vol_regime__period60__ma_period252,low_vol_regime,XLI,volatility,-0.0045,0.0311,-0.2458,94
low_vol_regime__period120__ma_period252,low_vol_regime,XLI,volatility,0.2124,0.4414,-0.1071,28
nr_breakout__nr_period4__exit_bars3,nr_breakout,XLI,pattern,0.2018,-0.1003,-0.2789,999
nr_breakout__nr_period4__exit_bars5,nr_breakout,XLI,pattern,0.0143,-0.099,-0.2627,750
nr_breakout__nr_period7__exit_bars3,nr_breakout,XLI,pattern,-0.0838,0.2448,-0.2006,694
nr_breakout__nr_period7__exit_bars5,nr_breakout,XLI,pattern,0.1907,0.7473,-0.1283,595
nr_breakout__nr_period10__exit_bars5,nr_breakout,XLI,pattern,0.2201,0.3913,-0.1405,489
nr_breakout__nr_period10__exit_bars10,nr_breakout,XLI,pattern,-0.202,-0.0726,-0.1807,401
overnight_gap__period1__threshold0.001,overnight_gap,XLI,volume,-0.3189,0.6567,-0.1912,2315
overnight_gap__period1__threshold0.003,overnight_gap,XLI,volume,-0.1506,0.2218,-0.2454,2302
overnight_gap__period3__threshold0.001,overnight_gap,XLI,volume,0.0071,0.0563,-0.247,1519
overnight_gap__period3__threshold0.003,overnight_gap,XLI,volume,0.2134,0.8476,-0.1692,1076
overnight_gap__period5__threshold0.001,overnight_gap,XLI,volume,-0.1468,-0.4386,-0.3144,1249
overnight_gap__period5__threshold0.003,overnight_gap,XLI,volume,-0.1448,-0.0152,-0.1463,702
coppock_curve__roc1252__roc2189__wma_period63,coppock_curve,XLI,trend,-0.1653,0.3955,-0.3073,10
coppock_curve__roc1189__roc2126__wma_period42,coppock_curve,XLI,trend,0.1689,0.4535,-0.291,12
coppock_curve__roc1126__roc2100__wma_period21,coppock_curve,XLI,trend,0.3355,0.0407,-0.3655,28
high52_momentum__period252__threshold0.7,high52_momentum,XLU,trend,0.1037,-0.1964,-0.4184,171
high52_momentum__period252__threshold0.75,high52_momentum,XLU,trend,0.193,-0.0463,-0.3182,204
high52_momentum__period252__threshold0.8,high52_momentum,XLU,trend,0.1165,-0.2914,-0.3381,256
high52_momentum__period126__threshold0.7,high52_momentum,XLU,trend,-0.1171,-0.3199,-0.3788,338
high52_momentum__period126__threshold0.75,high52_momentum,XLU,trend,0.0692,-0.332,-0.3552,334
short_reversal__period5,short_reversal,XLU,meanrev,0.3394,-0.2284,-0.2763,804
short_reversal__period10,short_reversal,XLU,meanrev,0.1733,0.3145,-0.21,585
short_reversal__period15,short_reversal,XLU,meanrev,-0.1892,0.2855,-0.2579,460
short_reversal__period20,short_reversal,XLU,meanrev,-0.3073,0.2766,-0.1992,352
low_vol_regime__period20__ma_period60,low_vol_regime,XLU,volatility,-0.136,-0.2702,-0.0837,104
low_vol_regime__period20__ma_period120,low_vol_regime,XLU,volatility,-0.0778,-0.628,-0.1752,126
low_vol_regime__period60__ma_period120,low_vol_regime,XLU,volatility,-0.2106,-0.1438,-0.0821,44
low_vol_regime__period20__ma_period252,low_vol_regime,XLU,volatility,-0.3488,0.5649,-0.1375,130
low_vol_regime__period60__ma_period252,low_vol_regime,XLU,volatility,-0.1564,0.4743,-0.1588,48
low_vol_regime__period120__ma_period252,low_vol_regime,XLU,volatility,-0.2593,0.2801,-0.1384,18
nr_breakout__nr_period4__exit_bars3,nr_breakout,XLU,pattern,0.2511,0.3091,-0.1959,996
nr_breakout__nr_period4__exit_bars5,nr_breakout,XLU,pattern,0.2218,0.3796,-0.1558,769
nr_breakout__nr_period7__exit_bars3,nr_breakout,XLU,pattern,-0.4377,0.5476,-0.0785,699
nr_breakout__nr_period7__exit_bars5,nr_breakout,XLU,pattern,-0.2609,0.4851,-0.1158,621
nr_breakout__nr_period10__exit_bars5,nr_breakout,XLU,pattern,-0.1312,0.9125,-0.1116,490
nr_breakout__nr_period10__exit_bars10,nr_breakout,XLU,pattern,-0.4007,0.4391,-0.2046,386
overnight_gap__period1__threshold0.001,overnight_gap,XLU,volume,-0.3841,0.2685,-0.3073,2415
overnight_gap__period1__threshold0.003,overnight_gap,XLU,volume,-0.248,0.1164,-0.1872,1842
overnight_gap__period3__threshold0.001,overnight_gap,XLU,volume,-0.0486,0.2798,-0.1834,1493
overnight_gap__period3__threshold0.003,overnight_gap,XLU,volume,-0.0964,-0.056,-0.1642,617
overnight_gap__period5__threshold0.001,overnight_gap,XLU,volume,-0.0155,0.3692,-0.1178,1142
overnight_gap__period5__threshold0.003,overnight_gap,XLU,volume,0.1878,0.1361,-0.133,318
coppock_curve__roc1252__roc2189__wma_period63,coppock_curve,XLU,trend,0.5184,0.0296,-0.2577,10
coppock_curve__roc1189__roc2126__wma_period42,coppock_curve,XLU,trend,0.4403,-0.0164,-0.3674,16
coppock_curve__roc1126__roc2100__wma_period21,coppock_curve,XLU,trend,0.3202,-0.0103,-0.4352,24
high52_momentum__period252__threshold0.7,high52_momentum,XLY,trend,0.4582,0.6342,-0.2314,143
high52_momentum__period252__threshold0.75,high52_momentum,XLY,trend,0.4968,0.5007,-0.2269,177
high52_momentum__period252__threshold0.8,high52_momentum,XLY,trend,0.3455,0.2892,-0.2298,217
high52_momentum__period126__threshold0.7,high52_momentum,XLY,trend,0.2558,0.13,-0.2735,315
high52_momentum__period126__threshold0.75,high52_momentum,XLY,trend,0.3068,0.0355,-0.2982,305
short_reversal__period5,short_reversal,XLY,meanrev,-0.2304,-0.019,-0.3305,759
short_reversal__period10,short_reversal,XLY,meanrev,-0.4869,0.3349,-0.1709,522
short_reversal__period15,short_reversal,XLY,meanrev,-0.506,0.596,-0.2412,413
short_reversal__period20,short_reversal,XLY,meanrev,-0.421,0.123,-0.2717,362
low_vol_regime__period20__ma_period60,low_vol_regime,XLY,volatility,-0.2318,0.2365,-0.1524,156
low_vol_regime__period20__ma_period120,low_vol_regime,XLY,volatility,-0.2442,0.1014,-0.1939,142
low_vol_regime__period60__ma_period120,low_vol_regime,XLY,volatility,0.0229,0.0533,-0.2249,60
low_vol_regime__period20__ma_period252,low_vol_regime,XLY,volatility,-0.1806,-0.1172,-0.268,142
low_vol_regime__period60__ma_period252,low_vol_regime,XLY,volatility,-0.0059,0.058,-0.2502,74
low_vol_regime__period120__ma_period252,low_vol_regime,XLY,volatility,0.0359,0.0827,-0.2845,36
nr_breakout__nr_period4__exit_bars3,nr_breakout,XLY,pattern,-0.1759,-0.3043,-0.2999,967
nr_breakout__nr_period4__exit_bars5,nr_breakout,XLY,pattern,-0.1342,0.1163,-0.1954,745
nr_breakout__nr_period7__exit_bars3,nr_breakout,XLY,pattern,0.0236,-0.0267,-0.2044,704
nr_breakout__nr_period7__exit_bars5,nr_breakout,XLY,pattern,0.2772,0.423,-0.116,607
nr_breakout__nr_period10__exit_bars5,nr_breakout,XLY,pattern,0.405,0.8442,-0.0941,497
nr_breakout__nr_period10__exit_bars10,nr_breakout,XLY,pattern,0.1602,0.5801,-0.2433,391
overnight_gap__period1__threshold0.001,overnight_gap,XLY,volume,-0.7411,0.0273,-0.3125,2397
overnight_gap__period1__threshold0.003,overnight_gap,XLY,volume,-0.464,-0.3118,-0.2868,2344
overnight_gap__period3__threshold0.001,overnight_gap,XLY,volume,0.0137,0.4305,-0.1761,1533
overnight_gap__period3__threshold0.003,overnight_gap,XLY,volume,-0.1033,-0.3923,-0.3198,1139
overnight_gap__period5__threshold0.001,overnight_gap,XLY,volume,-0.0296,-0.0466,-0.2503,1292
overnight_gap__period5__threshold0.003,overnight_gap,XLY,volume,-0.5372,-0.754,-0.3757,722
coppock_curve__roc1252__roc2189__wma_period63,coppock_curve,XLY,trend,0.5598,0.8893,-0.215,4
coppock_curve__roc1189__roc2126__wma_period42,coppock_curve,XLY,trend,0.2176,0.9383,-0.1844,18
coppock_curve__roc1126__roc2100__wma_period21,coppock_curve,XLY,trend,0.2609,0.8367,-0.2055,22
high52_momentum__period252__threshold0.7,high52_momentum,XLP,trend,0.0187,0.52,-0.1666,178
high52_momentum__period252__threshold0.75,high52_momentum,XLP,trend,-0.0015,0.1801,-0.2708,200
high52_momentum__period252__threshold0.8,high52_momentum,XLP,trend,0.1342,0.3436,-0.1881,198
high52_momentum__period126__threshold0.7,high52_momentum,XLP,trend,0.0958,0.007,-0.2566,292
high52_momentum__period126__threshold0.75,high52_momentum,XLP,trend,0.1536,-0.0279,-0.2811,288
short_reversal__period5,short_reversal,XLP,meanrev,0.1001,0.193,-0.1893,805
short_reversal__period10,short_reversal,XLP,meanrev,0.0156,0.1306,-0.1417,548
short_reversal__period15,short_reversal,XLP,meanrev,-0.1187,-0.2031,-0.2615,425
short_reversal__period20,short_reversal,XLP,meanrev,-0.1953,-0.1128,-0.2297,331
low_vol_regime__period20__ma_period60,low_vol_regime,XLP,volatility,0.0328,-0.0318,-0.0927,130
low_vol_regime__period20__ma_period120,low_vol_regime,XLP,volatility,-0.5764,-0.1376,-0.1272,188
low_vol_regime__period60__ma_period120,low_vol_regime,XLP,volatility,-0.0837,0.5137,-0.1151,64
low_vol_regime__period20__ma_period252,low_vol_regime,XLP,volatility,-0.0796,0.5082,-0.0786,136
low_vol_regime__period60__ma_period252,low_vol_regime,XLP,volatility,-0.0556,0.6576,-0.1149,46
low_vol_regime__period120__ma_period252,low_vol_regime,XLP,volatility,-0.3581,0.6177,-0.0894,40
nr_breakout__nr_period4__exit_bars3,nr_breakout,XLP,pattern,-0.0324,-0.1429,-0.1791,961
nr_breakout__nr_period4__exit_bars5,nr_breakout,XLP,pattern,0.1116,0.1287,-0.1573,747
nr_breakout__nr_period7__exit_bars3,nr_breakout,XLP,pattern,-0.0237,0.2659,-0.0963,687
nr_breakout__nr_period7__exit_bars5,nr_breakout,XLP,pattern,-0.0294,0.6083,-0.0804,590
nr_breakout__nr_period10__exit_bars5,nr_breakout,XLP,pattern,0.0062,0.103,-0.1273,472
nr_breakout__nr_period10__exit_bars10,nr_breakout,XLP,pattern,-0.219,-0.2378,-0.168,388
overnight_gap__period1__threshold0.001,overnight_gap,XLP,volume,-0.7877,0.4534,-0.1856,2456
overnight_gap__period1__threshold0.003,overnight_gap,XLP,volume,-0.4994,0.4579,-0.1177,1807
overnight_gap__period3__threshold0.001,overnight_gap,XLP,volume,-0.1029,0.542,-0.0972,1493
overnight_gap__period3__threshold0.003,overnight_gap,XLP,volume,-0.0815,0.1862,-0.0819,596
overnight_gap__period5__threshold0.001,overnight_gap,XLP,volume,-0.0087,0.2155,-0.1558,1117
overnight_gap__period5__threshold0.003,overnight_gap,XLP,volume,0.1987,-0.1707,-0.0921,299
coppock_curve__roc1252__roc2189__wma_period63,coppock_curve,XLP,trend,0.5421,0.2233,-0.3133,12
coppock_curve__roc1189__roc2126__wma_period42,coppock_curve,XLP,trend,0.4049,0.3721,-0.24,14
coppock_curve__roc1126__roc2100__wma_period21,coppock_curve,XLP,trend,0.001,0.1561,-0.3282,32
high52_momentum__period252__threshold0.7,high52_momentum,GLD,trend,0.0322,-0.1622,-0.3186,217
high52_momentum__period252__threshold0.75,high52_momentum,GLD,trend,0.1395,-0.4346,-0.3794,235
high52_momentum__period252__threshold0.8,high52_momentum,GLD,trend,-0.0714,-0.2893,-0.2866,266
high52_momentum__period126__threshold0.7,high52_momentum,GLD,trend,0.1885,-0.1841,-0.2935,314
high52_momentum__period126__threshold0.75,high52_momentum,GLD,trend,0.1252,-0.2557,-0.2932,328
short_reversal__period5,short_reversal,GLD,meanrev,-0.29,0.2019,-0.2455,762
short_reversal__period10,short_reversal,GLD,meanrev,-0.2256,0.3212,-0.2317,546
short_reversal__period15,short_reversal,GLD,meanrev,-0.396,0.0279,-0.2387,429
short_reversal__period20,short_reversal,GLD,meanrev,0.0173,0.3908,-0.2,398
low_vol_regime__period20__ma_period60,low_vol_regime,GLD,volatility,0.2219,-0.0843,-0.1159,180
low_vol_regime__period20__ma_period120,low_vol_regime,GLD,volatility,0.1724,-0.7004,-0.2243,171
low_vol_regime__period60__ma_period120,low_vol_regime,GLD,volatility,0.0903,-0.6926,-0.1809,66
low_vol_regime__period20__ma_period252,low_vol_regime,GLD,volatility,0.0227,-0.6498,-0.2311,187
low_vol_regime__period60__ma_period252,low_vol_regime,GLD,volatility,-0.0954,-0.315,-0.1855,55
low_vol_regime__period120__ma_period252,low_vol_regime,GLD,volatility,-0.119,-0.0225,-0.1291,36
nr_breakout__nr_period4__exit_bars3,nr_breakout,GLD,pattern,-0.1902,-0.06,-0.2091,1009
nr_breakout__nr_period4__exit_bars5,nr_breakout,GLD,pattern,-0.186,-0.2749,-0.2884,749
nr_breakout__nr_period7__exit_bars3,nr_breakout,GLD,pattern,-0.189,-0.5489,-0.1929,728
nr_breakout__nr_period7__exit_bars5,nr_breakout,GLD,pattern,-0.3866,-0.1734,-0.1339,603
nr_breakout__nr_period10__exit_bars5,nr_breakout,GLD,pattern,-0.4832,-0.608,-0.2085,479
nr_breakout__nr_period10__exit_bars10,nr_breakout,GLD,pattern,-0.235,-0.089,-0.142,393
overnight_gap__period1__threshold0.001,overnight_gap,GLD,volume,-0.1127,-0.2634,-0.3531,2348
overnight_gap__period1__threshold0.003,overnight_gap,GLD,volume,-0.1224,0.0027,-0.2696,2536
overnight_gap__period3__threshold0.001,overnight_gap,GLD,volume,0.1825,-0.7157,-0.383,1497
overnight_gap__period3__threshold0.003,overnight_gap,GLD,volume,0.1692,-0.1499,-0.2392,1318
overnight_gap__period5__threshold0.001,overnight_gap,GLD,volume,0.2527,-0.6327,-0.3638,1221
overnight_gap__period5__threshold0.003,overnight_gap,GLD,volume,0.0482,-0.3281,-0.2751,835
coppock_curve__roc1252__roc2189__wma_period63,coppock_curve,GLD,trend,0.1284,-0.039,-0.3201,14
coppock_curve__roc1189__roc2126__wma_period42,coppock_curve,GLD,trend,0.1503,-0.0359,-0.3296,18
coppock_curve__roc1126__roc2100__wma_period21,coppock_curve,GLD,trend,0.3736,-0.2911,-0.39,34
high52_momentum__period252__threshold0.7,high52_momentum,USO,trend,0.0198,0.081,-0.4088,236
high52_momentum__period252__threshold0.75,high52_momentum,USO,trend,0.1157,0.2074,-0.3388,216
high52_momentum__period252__threshold0.8,high52_momentum,USO,trend,0.169,-0.0445,-0.4103,196
high52_momentum__period126__threshold0.7,high52_momentum,USO,trend,-0.0557,0.0378,-0.526,368
high52_momentum__period126__threshold0.75,high52_momentum,USO,trend,-0.0781,0.1146,-0.4125,358
short_reversal__period5,short_reversal,USO,meanrev,-0.1225,0.0884,-0.6969,770
short_reversal__period10,short_reversal,USO,meanrev,-0.2128,-0.0109,-0.462,532
short_reversal__period15,short_reversal,USO,meanrev,-0.1498,-0.5568,-0.7393,423
short_reversal__period20,short_reversal,USO,meanrev,-0.2278,-0.2683,-0.6235,352
low_vol_regime__period20__ma_period60,low_vol_regime,USO,volatility,0.6087,-0.2057,-0.2166,161
low_vol_regime__period20__ma_period120,low_vol_regime,USO,volatility,0.3444,0.0331,-0.3075,145
low_vol_regime__period60__ma_period120,low_vol_regime,USO,volatility,-0.0536,-0.4553,-0.3956,42
low_vol_regime__period20__ma_period252,low_vol_regime,USO,volatility,0.2954,0.253,-0.3065,135
low_vol_regime__period60__ma_period252,low_vol_regime,USO,volatility,-0.0713,-0.0812,-0.4575,62
low_vol_regime__period120__ma_period252,low_vol_regime,USO,volatility,0.2075,0.2383,-0.3109,30
nr_breakout__nr_period4__exit_bars3,nr_breakout,USO,pattern,0.3517,-0.4227,-0.458,959
nr_breakout__nr_period4__exit_bars5,nr_breakout,USO,pattern,0.2467,0.3707,-0.3107,770
nr_breakout__nr_period7__exit_bars3,nr_breakout,USO,pattern,0.1812,0.2356,-0.2319,724
nr_breakout__nr_period7__exit_bars5,nr_breakout,USO,pattern,0.1426,0.5343,-0.33,625
nr_breakout__nr_period10__exit_bars5,nr_breakout,USO,pattern,0.3397,0.5251,-0.2703,492
nr_breakout__nr_period10__exit_bars10,nr_breakout,USO,pattern,0.1155,0.1934,-0.3705,391
overnight_gap__period1__threshold0.001,overnight_gap,USO,volume,0.4446,-0.0492,-0.5599,2147
overnight_gap__period1__threshold0.003,overnight_gap,USO,volume,0.3242,-0.1479,-0.5936,2455
overnight_gap__period3__threshold0.001,overnight_gap,USO,volume,-0.0899,0.3671,-0.388,1341
overnight_gap__period3__threshold0.003,overnight_gap,USO,volume,-0.1928,0.2001,-0.3876,1548
overnight_gap__period5__threshold0.001,overnight_gap,USO,volume,-0.1993,0.1751,-0.4469,1096
overnight_gap__period5__threshold0.003,overnight_gap,USO,volume,-0.0085,-0.1116,-0.3926,1231
coppock_curve__roc1252__roc2189__wma_period63,coppock_curve,USO,trend,-0.0948,-0.0718,-0.597,22
coppock_curve__roc1189__roc2126__wma_period42,coppock_curve,USO,trend,-0.011,0.224,-0.4266,24
coppock_curve__roc1126__roc2100__wma_period21,coppock_curve,USO,trend,0.0216,0.3691,-0.386,38
high52_momentum__period252__threshold0.7,high52_momentum,TLT,trend,0.3428,-0.8112,-0.3798,209
high52_momentum__period252__threshold0.75,high52_momentum,TLT,trend,0.3053,-0.4355,-0.2505,199
high52_momentum__period252__threshold0.8,high52_momentum,TLT,trend,0.0521,-0.2778,-0.1746,229
high52_momentum__period126__threshold0.7,high52_momentum,TLT,trend,0.5019,-0.9006,-0.4079,309
high52_momentum__period126__threshold0.75,high52_momentum,TLT,trend,0.2346,-0.7073,-0.3211,359
short_reversal__period5,short_reversal,TLT,meanrev,0.2186,0.4946,-0.1709,810
short_reversal__period10,short_reversal,TLT,meanrev,0.1037,0.5253,-0.2261,572
short_reversal__period15,short_reversal,TLT,meanrev,0.0255,-0.141,-0.2649,456
short_reversal__period20,short_reversal,TLT,meanrev,-0.3213,-0.1058,-0.2391,337
low_vol_regime__period20__ma_period60,low_vol_regime,TLT,volatility,-0.0273,0.3012,-0.121,124
low_vol_regime__period20__ma_period120,low_vol_regime,TLT,volatility,0.0148,0.0403,-0.0968,126
low_vol_regime__period60__ma_period120,low_vol_regime,TLT,volatility,-0.0043,0.4012,-0.099,30
low_vol_regime__period20__ma_period252,low_vol_regime,TLT,volatility,0.4824,-0.3174,-0.1891,130
low_vol_regime__period60__ma_period252,low_vol_regime,TLT,volatility,-0.1879,-0.3635,-0.2866,66
low_vol_regime__period120__ma_period252,low_vol_regime,TLT,volatility,0.0227,0.1869,-0.1878,30
nr_breakout__nr_period4__exit_bars3,nr_breakout,TLT,pattern,0.1275,0.5098,-0.124,990
nr_breakout__nr_period4__exit_bars5,nr_breakout,TLT,pattern,0.281,-0.1859,-0.1658,746
nr_breakout__nr_period7__exit_bars3,nr_breakout,TLT,pattern,0.0054,0.4282,-0.1325,722
nr_breakout__nr_period7__exit_bars5,nr_breakout,TLT,pattern,0.2517,0.376,-0.1084,617
nr_breakout__nr_period10__exit_bars5,nr_breakout,TLT,pattern,0.2101,0.7756,-0.0687,494
nr_breakout__nr_period10__exit_bars10,nr_breakout,TLT,pattern,0.3995,-0.0007,-0.2639,394
overnight_gap__period1__threshold0.001,overnight_gap,TLT,volume,-0.575,-0.0574,-0.2987,2347
overnight_gap__period1__threshold0.003,overnight_gap,TLT,volume,-0.4533,-0.2534,-0.3241,2463
overnight_gap__period3__threshold0.001,overnight_gap,TLT,volume,-0.0193,-0.1885,-0.3561,1574
overnight_gap__period3__threshold0.003,overnight_gap,TLT,volume,-0.5509,0.3118,-0.1445,1247
overnight_gap__period5__threshold0.001,overnight_gap,TLT,volume,-0.1482,-0.2162,-0.3487,1356
overnight_gap__period5__threshold0.003,overnight_gap,TLT,volume,-0.5206,-0.1558,-0.2293,734
coppock_curve__roc1252__roc2189__wma_period63,coppock_curve,TLT,trend,0.239,-0.3824,-0.3391,14
coppock_curve__roc1189__roc2126__wma_period42,coppock_curve,TLT,trend,0.4233,-0.4431,-0.3775,25
coppock_curve__roc1126__roc2100__wma_period21,coppock_curve,TLT,trend,0.6985,-0.4333,-0.327,27
high52_momentum__period252__threshold0.7,high52_momentum,HYG,trend,0.3314,0.5311,-0.0991,141
high52_momentum__period252__threshold0.75,high52_momentum,HYG,trend,0.3686,0.6499,-0.0614,153
high52_momentum__period252__threshold0.8,high52_momentum,HYG,trend,0.2983,0.6388,-0.0546,173
high52_momentum__period126__threshold0.7,high52_momentum,HYG,trend,0.3587,0.6504,-0.0664,247
high52_momentum__period126__threshold0.75,high52_momentum,HYG,trend,0.3489,0.474,-0.0591,275
short_reversal__period5,short_reversal,HYG,meanrev,-0.7375,-0.2801,-0.1576,716
short_reversal__period10,short_reversal,HYG,meanrev,-0.4433,-0.4662,-0.1692,510
short_reversal__period15,short_reversal,HYG,meanrev,-0.6024,-0.2651,-0.1127,366
short_reversal__period20,short_reversal,HYG,meanrev,-0.3299,0.0696,-0.0816,298
low_vol_regime__period20__ma_period60,low_vol_regime,HYG,volatility,0.3856,-0.5406,-0.1116,186
low_vol_regime__period20__ma_period120,low_vol_regime,HYG,volatility,0.0944,-0.1921,-0.1044,152
low_vol_regime__period60__ma_period120,low_vol_regime,HYG,volatility,0.2498,-0.3816,-0.1154,78
low_vol_regime__period20__ma_period252,low_vol_regime,HYG,volatility,0.131,0.0005,-0.1166,138
low_vol_regime__period60__ma_period252,low_vol_regime,HYG,volatility,-0.0622,0.507,-0.0833,54
low_vol_regime__period120__ma_period252,low_vol_regime,HYG,volatility,0.1228,0.4131,-0.1163,40
nr_breakout__nr_period4__exit_bars3,nr_breakout,HYG,pattern,-0.2263,-0.1429,-0.1099,974
nr_breakout__nr_period4__exit_bars5,nr_breakout,HYG,pattern,-0.3771,-0.1139,-0.1276,741
nr_breakout__nr_period7__exit_bars3,nr_breakout,HYG,pattern,-0.0157,-0.6303,-0.1122,707
nr_breakout__nr_period7__exit_bars5,nr_breakout,HYG,pattern,-0.1164,-0.5452,-0.1148,599
nr_breakout__nr_period10__exit_bars5,nr_breakout,HYG,pattern,0.0098,-0.1614,-0.063,495
nr_breakout__nr_period10__exit_bars10,nr_breakout,HYG,pattern,-0.0647,0.0571,-0.0895,409
overnight_gap__period1__threshold0.001,overnight_gap,HYG,volume,0.1665,0.2811,-0.0609,2237
overnight_gap__period1__threshold0.003,overnight_gap,HYG,volume,0.27,0.3265,-0.0555,988
overnight_gap__period3__threshold0.001,overnight_gap,HYG,volume,0.0635,-0.1275,-0.0855,1132
overnight_gap__period3__threshold0.003,overnight_gap,HYG,volume,-0.1591,-0.3503,-0.0435,270
overnight_gap__period5__threshold0.001,overnight_gap,HYG,volume,-0.2444,-0.3701,-0.074,747
overnight_gap__period5__threshold0.003,overnight_gap,HYG,volume,-0.1513,-0.1131,-0.019,119
coppock_curve__roc1252__roc2189__wma_period63,coppock_curve,HYG,trend,0.3012,0.9366,-0.0641,6
coppock_curve__roc1189__roc2126__wma_period42,coppock_curve,HYG,trend,-0.0484,0.6058,-0.0957,14
coppock_curve__roc1126__roc2100__wma_period21,coppock_curve,HYG,trend,-0.07,0.7557,-0.0842,26
high52_momentum__period252__threshold0.7,high52_momentum,EFA,trend,0.0154,-0.1022,-0.3086,206
high52_momentum__period252__threshold0.75,high52_momentum,EFA,trend,0.0562,-0.1723,-0.3023,218
high52_momentum__period252__threshold0.8,high52_momentum,EFA,trend,-0.0637,-0.117,-0.274,244
high52_momentum__period126__threshold0.7,high52_momentum,EFA,trend,0.0923,-0.503,-0.322,319
high52_momentum__period126__threshold0.75,high52_momentum,EFA,trend,0.0467,-0.5008,-0.275,339
short_reversal__period5,short_reversal,EFA,meanrev,-0.1906,0.0333,-0.3069,803
short_reversal__period10,short_reversal,EFA,meanrev,-0.0744,0.4664,-0.1688,509
short_reversal__period15,short_reversal,EFA,meanrev,0.0922,1.1051,-0.153,435
short_reversal__period20,short_reversal,EFA,meanrev,-0.1759,0.9324,-0.1497,377
low_vol_regime__period20__ma_period60,low_vol_regime,EFA,volatility,-0.2627,-0.3326,-0.1404,145
low_vol_regime__period20__ma_period120,low_vol_regime,EFA,volatility,0.1163,-0.4684,-0.2581,193
low_vol_regime__period60__ma_period120,low_vol_regime,EFA,volatility,0.0479,-0.2503,-0.1889,82
low_vol_regime__period20__ma_period252,low_vol_regime,EFA,volatility,0.0096,-0.2711,-0.1648,170
low_vol_regime__period60__ma_period252,low_vol_regime,EFA,volatility,0.2961,0.1089,-0.1658,60
low_vol_regime__period120__ma_period252,low_vol_regime,EFA,volatility,0.2157,0.298,-0.1389,38
nr_breakout__nr_period4__exit_bars3,nr_breakout,EFA,pattern,0.1316,-0.3905,-0.2173,999
nr_breakout__nr_period4__exit_bars5,nr_breakout,EFA,pattern,0.1348,-0.0785,-0.2254,740
nr_breakout__nr_period7__exit_bars3,nr_breakout,EFA,pattern,0.3402,-0.6153,-0.2611,706
nr_breakout__nr_period7__exit_bars5,nr_breakout,EFA,pattern,0.2506,-0.3701,-0.2774,601
nr_breakout__nr_period10__exit_bars5,nr_breakout,EFA,pattern,0.2564,-0.2989,-0.1969,475
nr_breakout__nr_period10__exit_bars10,nr_breakout,EFA,pattern,0.0325,-0.0481,-0.2645,388
overnight_gap__period1__threshold0.001,overnight_gap,EFA,volume,-0.783,-0.3908,-0.3415,2322
overnight_gap__period1__threshold0.003,overnight_gap,EFA,volume,-0.4849,-0.3425,-0.2902,2488
overnight_gap__period3__threshold0.001,overnight_gap,EFA,volume,-0.0403,0.1767,-0.2553,1529
overnight_gap__period3__threshold0.003,overnight_gap,EFA,volume,-0.1384,-0.2235,-0.2071,1420
overnight_gap__period5__threshold0.001,overnight_gap,EFA,volume,-0.4028,-0.5487,-0.3622,1335
overnight_gap__period5__threshold0.003,overnight_gap,EFA,volume,-0.3559,-0.2778,-0.2938,949
coppock_curve__roc1252__roc2189__wma_period63,coppock_curve,EFA,trend,-0.3801,0.0795,-0.3036,14
coppock_curve__roc1189__roc2126__wma_period42,coppock_curve,EFA,trend,-0.0482,0.0583,-0.3317,18
coppock_curve__roc1126__roc2100__wma_period21,coppock_curve,EFA,trend,0.2669,-0.3885,-0.4602,22
high52_momentum__period252__threshold0.7,high52_momentum,EEM,trend,-0.3794,-0.3685,-0.3603,282
high52_momentum__period252__threshold0.75,high52_momentum,EEM,trend,-0.1599,-0.4737,-0.3238,226
high52_momentum__period252__threshold0.8,high52_momentum,EEM,trend,-0.3645,-0.5627,-0.4085,262
high52_momentum__period126__threshold0.7,high52_momentum,EEM,trend,-0.1401,-0.6029,-0.3984,386
high52_momentum__period126__threshold0.75,high52_momentum,EEM,trend,-0.2168,-0.7643,-0.4456,384
short_reversal__period5,short_reversal,EEM,meanrev,0.2858,0.4237,-0.2611,786
short_reversal__period10,short_reversal,EEM,meanrev,-0.1101,0.5099,-0.2012,580
short_reversal__period15,short_reversal,EEM,meanrev,0.2272,1.0986,-0.2951,502
short_reversal__period20,short_reversal,EEM,meanrev,-0.0399,0.4551,-0.3088,388
low_vol_regime__period20__ma_period60,low_vol_regime,EEM,volatility,-0.0442,-0.5949,-0.3275,138
low_vol_regime__period20__ma_period120,low_vol_regime,EEM,volatility,0.1249,-0.6948,-0.3698,164
low_vol_regime__period60__ma_period120,low_vol_regime,EEM,volatility,0.0235,-0.5019,-0.2723,62
low_vol_regime__period20__ma_period252,low_vol_regime,EEM,volatility,-0.1548,-0.6297,-0.3367,138
low_vol_regime__period60__ma_period252,low_vol_regime,EEM,volatility,0.228,-0.5379,-0.3111,60
low_vol_regime__period120__ma_period252,low_vol_regime,EEM,volatility,-0.1458,0.2528,-0.1367,36
nr_breakout__nr_period4__exit_bars3,nr_breakout,EEM,pattern,0.1361,-0.7055,-0.4239,977
nr_breakout__nr_period4__exit_bars5,nr_breakout,EEM,pattern,-0.0685,-0.6594,-0.4953,751
nr_breakout__nr_period7__exit_bars3,nr_breakout,EEM,pattern,0.2331,-0.5998,-0.2897,675
nr_breakout__nr_period7__exit_bars5,nr_breakout,EEM,pattern,0.2379,-0.3862,-0.3949,576
nr_breakout__nr_period10__exit_bars5,nr_breakout,EEM,pattern,0.4878,0.2037,-0.1695,475
nr_breakout__nr_period10__exit_bars10,nr_breakout,EEM,pattern,0.1064,-0.3002,-0.3133,394
overnight_gap__period1__threshold0.001,overnight_gap,EEM,volume,-0.2442,-0.1849,-0.4514,2273
overnight_gap__period1__threshold0.003,overnight_gap,EEM,volume,-0.347,0.0067,-0.4052,2522
overnight_gap__period3__threshold0.001,overnight_gap,EEM,volume,-0.0843,0.7623,-0.2431,1465
overnight_gap__period3__threshold0.003,overnight_gap,EEM,volume,-0.2669,0.5384,-0.1813,1508
overnight_gap__period5__threshold0.001,overnight_gap,EEM,volume,-0.4901,-0.2767,-0.3726,1292
overnight_gap__period5__threshold0.003,overnight_gap,EEM,volume,-0.4189,-0.3348,-0.4044,1088
coppock_curve__roc1252__roc2189__wma_period63,coppock_curve,EEM,trend,-0.4183,-0.0267,-0.3217,20
coppock_curve__roc1189__roc2126__wma_period42,coppock_curve,EEM,trend,-0.5072,-0.2714,-0.3971,28
coppock_curve__roc1126__roc2100__wma_period21,coppock_curve,EEM,trend,-0.4611,-0.0897,-0.3943,34
high52_momentum__period252__threshold0.7,high52_momentum,EWZ,trend,-0.396,-0.0163,-0.4204,237
high52_momentum__period252__threshold0.75,high52_momentum,EWZ,trend,-0.4621,0.0213,-0.445,231
high52_momentum__period252__threshold0.8,high52_momentum,EWZ,trend,-0.312,-0.2215,-0.5456,247
high52_momentum__period126__threshold0.7,high52_momentum,EWZ,trend,-0.2996,-0.2071,-0.4842,360
high52_momentum__period126__threshold0.75,high52_momentum,EWZ,trend,-0.2428,-0.1613,-0.5411,308
short_reversal__period5,short_reversal,EWZ,meanrev,-0.0993,0.293,-0.4213,769
short_reversal__period10,short_reversal,EWZ,meanrev,0.0497,-0.4571,-0.6185,517
short_reversal__period15,short_reversal,EWZ,meanrev,0.0554,-0.4237,-0.6643,436
short_reversal__period20,short_reversal,EWZ,meanrev,-0.1905,-0.6918,-0.6908,374
low_vol_regime__period20__ma_period60,low_vol_regime,EWZ,volatility,0.5445,-0.2627,-0.3117,126
low_vol_regime__period20__ma_period120,low_vol_regime,EWZ,volatility,0.3437,-0.1608,-0.2555,158
low_vol_regime__period60__ma_period120,low_vol_regime,EWZ,volatility,-0.0531,-0.8688,-0.2814,30
low_vol_regime__period20__ma_period252,low_vol_regime,EWZ,volatility,0.4014,-0.2929,-0.2638,109
low_vol_regime__period60__ma_period252,low_vol_regime,EWZ,volatility,-0.2504,-0.9465,-0.4396,42
low_vol_regime__period120__ma_period252,low_vol_regime,EWZ,volatility,-0.2879,-0.0812,-0.2279,20
nr_breakout__nr_period4__exit_bars3,nr_breakout,EWZ,pattern,-0.5126,0.9543,-0.3353,993
nr_breakout__nr_period4__exit_bars5,nr_breakout,EWZ,pattern,-0.2347,0.8023,-0.3462,744
nr_breakout__nr_period7__exit_bars3,nr_breakout,EWZ,pattern,-0.7393,0.9578,-0.1769,716
nr_breakout__nr_period7__exit_bars5,nr_breakout,EWZ,pattern,-0.2156,0.6076,-0.2183,616
nr_breakout__nr_period10__exit_bars5,nr_breakout,EWZ,pattern,-0.194,0.4919,-0.2198,494
nr_breakout__nr_period10__exit_bars10,nr_breakout,EWZ,pattern,-0.2632,0.8708,-0.2286,417
overnight_gap__period1__threshold0.001,overnight_gap,EWZ,volume,0.0708,0.3137,-0.5273,2189
overnight_gap__period1__threshold0.003,overnight_gap,EWZ,volume,0.0455,0.3024,-0.3985,2468
overnight_gap__period3__threshold0.001,overnight_gap,EWZ,volume,0.2396,-0.2256,-0.5349,1427
overnight_gap__period3__threshold0.003,overnight_gap,EWZ,volume,0.2266,-0.0752,-0.4681,1620
overnight_gap__period5__threshold0.001,overnight_gap,EWZ,volume,0.1811,-0.0348,-0.4689,1221
overnight_gap__period5__threshold0.003,overnight_gap,EWZ,volume,0.0274,-0.2711,-0.4159,1208
coppock_curve__roc1252__roc2189__wma_period63,coppock_curve,EWZ,trend,-0.5745,-0.0202,-0.6459,15
coppock_curve__roc1189__roc2126__wma_period42,coppock_curve,EWZ,trend,-0.3732,-0.0946,-0.5655,21
coppock_curve__roc1126__roc2100__wma_period21,coppock_curve,EWZ,trend,-0.1917,0.1064,-0.4851,30
high52_momentum__period252__threshold0.7,high52_momentum,BTC-USD,trend,0.66,0.9485,-0.4479,141
high52_momentum__period252__threshold0.75,high52_momentum,BTC-USD,trend,0.6469,0.7055,-0.5706,170
high52_momentum__period252__threshold0.8,high52_momentum,BTC-USD,trend,0.6265,0.7995,-0.5056,174
high52_momentum__period126__threshold0.7,high52_momentum,BTC-USD,trend,0.5222,0.595,-0.501,231
high52_momentum__period126__threshold0.75,high52_momentum,BTC-USD,trend,0.6009,0.4786,-0.5478,252
short_reversal__period5,short_reversal,BTC-USD,meanrev,-0.6122,-0.2782,-0.7402,784
short_reversal__period10,short_reversal,BTC-USD,meanrev,-0.7253,-0.7654,-0.8864,510
short_reversal__period15,short_reversal,BTC-USD,meanrev,-0.7611,-0.6608,-0.8904,402
short_reversal__period20,short_reversal,BTC-USD,meanrev,-0.8244,-0.7242,-0.8867,340
low_vol_regime__period20__ma_period60,low_vol_regime,BTC-USD,volatility,-0.1087,-0.304,-0.5843,218
low_vol_regime__period20__ma_period120,low_vol_regime,BTC-USD,volatility,-0.2096,-0.1093,-0.5817,198
low_vol_regime__period60__ma_period120,low_vol_regime,BTC-USD,volatility,0.0196,0.2158,-0.6448,64
low_vol_regime__period20__ma_period252,low_vol_regime,BTC-USD,volatility,0.0803,-0.0024,-0.5308,152
low_vol_regime__period60__ma_period252,low_vol_regime,BTC-USD,volatility,-0.216,0.55,-0.5668,74
low_vol_regime__period120__ma_period252,low_vol_regime,BTC-USD,volatility,0.1316,0.7138,-0.3717,44
nr_breakout__nr_period4__exit_bars3,nr_breakout,BTC-USD,pattern,0.5394,-0.057,-0.5107,997
nr_breakout__nr_period4__exit_bars5,nr_breakout,BTC-USD,pattern,0.5434,0.7172,-0.3883,785
nr_breakout__nr_period7__exit_bars3,nr_breakout,BTC-USD,pattern,0.2021,-0.0874,-0.3582,672
nr_breakout__nr_period7__exit_bars5,nr_breakout,BTC-USD,pattern,0.3328,0.5537,-0.3874,575
nr_breakout__nr_period10__exit_bars5,nr_breakout,BTC-USD,pattern,0.2769,0.8142,-0.2802,470
nr_breakout__nr_period10__exit_bars10,nr_breakout,BTC-USD,pattern,0.6813,0.9612,-0.369,377
overnight_gap__period1__threshold0.001,overnight_gap,BTC-USD,volume,0.322,0.536,-0.2699,903
overnight_gap__period1__threshold0.003,overnight_gap,BTC-USD,volume,0.1585,0.2947,-0.1114,267
overnight_gap__period3__threshold0.001,overnight_gap,BTC-USD,volume,0.0899,0.6441,-0.18,325
overnight_gap__period3__threshold0.003,overnight_gap,BTC-USD,volume,-0.0221,0.4419,-0.023,64
overnight_gap__period5__threshold0.001,overnight_gap,BTC-USD,volume,-0.2087,0.3708,-0.2563,199
overnight_gap__period5__threshold0.003,overnight_gap,BTC-USD,volume,-0.3058,-0.4816,-0.0248,38
coppock_curve__roc1252__roc2189__wma_period63,coppock_curve,BTC-USD,trend,0.9853,0.803,-0.6161,7
coppock_curve__roc1189__roc2126__wma_period42,coppock_curve,BTC-USD,trend,0.7011,0.7606,-0.5222,15
coppock_curve__roc1126__roc2100__wma_period21,coppock_curve,BTC-USD,trend,0.5834,0.8749,-0.4105,25
high52_momentum__period252__threshold0.7,high52_momentum,ETH-USD,trend,0.3693,-0.4604,-0.8732,148
high52_momentum__period252__threshold0.75,high52_momentum,ETH-USD,trend,0.4347,-0.6695,-0.9011,180
high52_momentum__period252__threshold0.8,high52_momentum,ETH-USD,trend,0.4516,-0.342,-0.8111,142
high52_momentum__period126__threshold0.7,high52_momentum,ETH-USD,trend,0.2219,0.2989,-0.6479,176
high52_momentum__period126__threshold0.75,high52_momentum,ETH-USD,trend,0.4188,0.1535,-0.6635,182
short_reversal__period5,short_reversal,ETH-USD,meanrev,-0.7081,-0.3963,-0.8687,555
short_reversal__period10,short_reversal,ETH-USD,meanrev,-0.7842,-1.0165,-0.9395,347
short_reversal__period15,short_reversal,ETH-USD,meanrev,-0.7924,-0.2041,-0.8329,281
short_reversal__period20,short_reversal,ETH-USD,meanrev,-0.6497,0.1439,-0.8391,253
low_vol_regime__period20__ma_period60,low_vol_regime,ETH-USD,volatility,0.0036,0.3757,-0.5543,130
low_vol_regime__period20__ma_period120,low_vol_regime,ETH-USD,volatility,-0.1883,0.6564,-0.4999,134
low_vol_regime__period60__ma_period120,low_vol_regime,ETH-USD,volatility,-0.4626,0.344,-0.332,52
low_vol_regime__period20__ma_period252,low_vol_regime,ETH-USD,volatility,-0.4644,-0.1326,-0.717,122
low_vol_regime__period60__ma_period252,low_vol_regime,ETH-USD,volatility,0.1803,0.1497,-0.5811,50
low_vol_regime__period120__ma_period252,low_vol_regime,ETH-USD,volatility,0.155,0.2224,-0.539,30
nr_breakout__nr_period4__exit_bars3,nr_breakout,ETH-USD,pattern,0.4439,-0.056,-0.6751,697
nr_breakout__nr_period4__exit_bars5,nr_breakout,ETH-USD,pattern,0.4622,0.2643,-0.5896,565
nr_breakout__nr_period7__exit_bars3,nr_breakout,ETH-USD,pattern,0.2942,-0.0423,-0.5382,506
nr_breakout__nr_period7__exit_bars5,nr_breakout,ETH-USD,pattern,0.4032,0.5111,-0.3901,428
nr_breakout__nr_period10__exit_bars5,nr_breakout,ETH-USD,pattern,0.019,0.9271,-0.3184,349
nr_breakout__nr_period10__exit_bars10,nr_breakout,ETH-USD,pattern,0.5649,0.4986,-0.5746,265
overnight_gap__period1__threshold0.001,overnight_gap,ETH-USD,volume,0.7013,0.54,-0.2538,585
overnight_gap__period1__threshold0.003,overnight_gap,ETH-USD,volume,0.3493,0.184,-0.1232,181
overnight_gap__period3__threshold0.001,overnight_gap,ETH-USD,volume,0.3534,0.1506,-0.3554,257
overnight_gap__period3__threshold0.003,overnight_gap,ETH-USD,volume,0.5501,0.7661,-0.0355,52
overnight_gap__period5__threshold0.001,overnight_gap,ETH-USD,volume,-0.1727,0.0052,-0.3136,154
overnight_gap__period5__threshold0.003,overnight_gap,ETH-USD,volume,0.4243,0.7489,-0.0448,24
coppock_curve__roc1252__roc2189__wma_period63,coppock_curve,ETH-USD,trend,0.2196,-0.2287,-0.8509,9
coppock_curve__roc1189__roc2126__wma_period42,coppock_curve,ETH-USD,trend,0.6743,0.003,-0.7641,11
coppock_curve__roc1126__roc2100__wma_period21,coppock_curve,ETH-USD,trend,0.4432,1.006,-0.5814,13
high52_momentum__period252__threshold0.7,high52_momentum,AAPL,trend,0.3108,0.5342,-0.3104,183
high52_momentum__period252__threshold0.75,high52_momentum,AAPL,trend,0.1844,0.4381,-0.3187,221
high52_momentum__period252__threshold0.8,high52_momentum,AAPL,trend,0.2157,0.7273,-0.2448,227
high52_momentum__period126__threshold0.7,high52_momentum,AAPL,trend,0.3465,0.6258,-0.3414,285
high52_momentum__period126__threshold0.75,high52_momentum,AAPL,trend,0.445,0.2728,-0.4513,289
short_reversal__period5,short_reversal,AAPL,meanrev,-0.6573,-0.3475,-0.6286,682
short_reversal__period10,short_reversal,AAPL,meanrev,-0.3627,-0.7558,-0.6697,459
short_reversal__period15,short_reversal,AAPL,meanrev,-0.4351,-0.3665,-0.6064,379
short_reversal__period20,short_reversal,AAPL,meanrev,-0.4324,-0.6546,-0.6763,339
low_vol_regime__period20__ma_period60,low_vol_regime,AAPL,volatility,0.7521,-0.1806,-0.3148,154
low_vol_regime__period20__ma_period120,low_vol_regime,AAPL,volatility,0.7608,0.1737,-0.3421,160
low_vol_regime__period60__ma_period120,low_vol_regime,AAPL,volatility,0.4272,0.839,-0.356,57
low_vol_regime__period20__ma_period252,low_vol_regime,AAPL,volatility,0.696,0.4109,-0.3119,162
low_vol_regime__period60__ma_period252,low_vol_regime,AAPL,volatility,0.4255,0.3834,-0.3193,52
low_vol_regime__period120__ma_period252,low_vol_regime,AAPL,volatility,0.2308,1.097,-0.112,24
nr_breakout__nr_period4__exit_bars3,nr_breakout,AAPL,pattern,0.1089,0.4077,-0.221,981
nr_breakout__nr_period4__exit_bars5,nr_breakout,AAPL,pattern,-0.0725,0.5019,-0.1942,784
nr_breakout__nr_period7__exit_bars3,nr_breakout,AAPL,pattern,0.7449,0.1062,-0.2425,720
nr_breakout__nr_period7__exit_bars5,nr_breakout,AAPL,pattern,0.3476,0.3437,-0.2438,629
nr_breakout__nr_period10__exit_bars5,nr_breakout,AAPL,pattern,0.4057,0.4756,-0.2139,473
nr_breakout__nr_period10__exit_bars10,nr_breakout,AAPL,pattern,0.1542,0.5942,-0.1661,387
overnight_gap__period1__threshold0.001,overnight_gap,AAPL,volume,-0.3292,0.1809,-0.3243,2303
overnight_gap__period1__threshold0.003,overnight_gap,AAPL,volume,-0.1915,0.4466,-0.272,2390
overnight_gap__period3__threshold0.001,overnight_gap,AAPL,volume,-0.1438,-0.4711,-0.6294,1436
overnight_gap__period3__threshold0.003,overnight_gap,AAPL,volume,0.1619,-0.7226,-0.5687,1300
overnight_gap__period5__threshold0.001,overnight_gap,AAPL,volume,-0.0842,0.2967,-0.4007,1177
overnight_gap__period5__threshold0.003,overnight_gap,AAPL,volume,-0.0472,-0.2496,-0.379,886
coppock_curve__roc1252__roc2189__wma_period63,coppock_curve,AAPL,trend,0.58,0.4961,-0.4238,12
coppock_curve__roc1189__roc2126__wma_period42,coppock_curve,AAPL,trend,0.8011,0.4302,-0.4297,12
coppock_curve__roc1126__roc2100__wma_period21,coppock_curve,AAPL,trend,0.8687,0.6454,-0.3668,16
high52_momentum__period252__threshold0.7,high52_momentum,MSFT,trend,0.1098,0.1373,-0.3291,206
high52_momentum__period252__threshold0.75,high52_momentum,MSFT,trend,0.1229,0.1323,-0.3411,238
high52_momentum__period252__threshold0.8,high52_momentum,MSFT,trend,0.3182,-0.2036,-0.4582,216
high52_momentum__period126__threshold0.7,high52_momentum,MSFT,trend,-0.1794,-0.2486,-0.4149,336
high52_momentum__period126__threshold0.75,high52_momentum,MSFT,trend,-0.1174,-0.5561,-0.5092,330
short_reversal__period5,short_reversal,MSFT,meanrev,0.266,0.4107,-0.3107,798
short_reversal__period10,short_reversal,MSFT,meanrev,0.2825,0.0879,-0.3396,562
short_reversal__period15,short_reversal,MSFT,meanrev,0.3524,0.2947,-0.3708,471
short_reversal__period20,short_reversal,MSFT,meanrev,0.1488,0.4516,-0.2995,356
low_vol_regime__period20__ma_period60,low_vol_regime,MSFT,volatility,0.2874,-0.0625,-0.1506,132
low_vol_regime__period20__ma_period120,low_vol_regime,MSFT,volatility,0.4634,-0.0274,-0.2812,140
low_vol_regime__period60__ma_period120,low_vol_regime,MSFT,volatility,0.42,0.4847,-0.153,50
low_vol_regime__period20__ma_period252,low_vol_regime,MSFT,volatility,0.4906,-0.3566,-0.3671,150
low_vol_regime__period60__ma_period252,low_vol_regime,MSFT,volatility,0.4281,0.4636,-0.2135,60
low_vol_regime__period120__ma_period252,low_vol_regime,MSFT,volatility,0.2743,0.3913,-0.2111,36
nr_breakout__nr_period4__exit_bars3,nr_breakout,MSFT,pattern,0.1218,-0.3508,-0.3502,972
nr_breakout__nr_period4__exit_bars5,nr_breakout,MSFT,pattern,0.2728,-0.6185,-0.4834,751
nr_breakout__nr_period7__exit_bars3,nr_breakout,MSFT,pattern,0.1022,-0.3652,-0.3069,709
nr_breakout__nr_period7__exit_bars5,nr_breakout,MSFT,pattern,0.4453,-0.5182,-0.4186,603
nr_breakout__nr_period10__exit_bars5,nr_breakout,MSFT,pattern,0.5769,-0.72,-0.4445,476
nr_breakout__nr_period10__exit_bars10,nr_breakout,MSFT,pattern,0.6715,-0.5635,-0.4169,379
overnight_gap__period1__threshold0.001,overnight_gap,MSFT,volume,-0.3088,0.4596,-0.3072,2273
overnight_gap__period1__threshold0.003,overnight_gap,MSFT,volume,-0.1079,0.6038,-0.1783,2390
overnight_gap__period3__threshold0.001,overnight_gap,MSFT,volume,0.1765,0.4044,-0.4055,1494
overnight_gap__period3__threshold0.003,overnight_gap,MSFT,volume,0.2225,-0.2893,-0.5245,1257
overnight_gap__period5__threshold0.001,overnight_gap,MSFT,volume,0.2081,-0.2448,-0.398,1218
overnight_gap__period5__threshold0.003,overnight_gap,MSFT,volume,-0.0661,-0.3467,-0.355,833
coppock_curve__roc1252__roc2189__wma_period63,coppock_curve,MSFT,trend,0.5609,0.6559,-0.1823,9
coppock_curve__roc1189__roc2126__wma_period42,coppock_curve,MSFT,trend,0.3522,0.376,-0.4322,15
coppock_curve__roc1126__roc2100__wma_period21,coppock_curve,MSFT,trend,0.6614,0.5258,-0.2672,21
high52_momentum__period252__threshold0.7,high52_momentum,NVDA,trend,0.6906,1.0222,-0.3868,143
high52_momentum__period252__threshold0.75,high52_momentum,NVDA,trend,0.631,0.9001,-0.4225,169
high52_momentum__period252__threshold0.8,high52_momentum,NVDA,trend,0.3992,0.687,-0.4135,251
high52_momentum__period126__threshold0.7,high52_momentum,NVDA,trend,0.648,0.4333,-0.5672,299
high52_momentum__period126__threshold0.75,high52_momentum,NVDA,trend,0.7909,0.454,-0.4778,299
short_reversal__period5,short_reversal,NVDA,meanrev,-0.091,-0.5117,-0.8517,753
short_reversal__period10,short_reversal,NVDA,meanrev,-0.1516,-0.0046,-0.72,517
short_reversal__period15,short_reversal,NVDA,meanrev,-0.1686,-0.1235,-0.8241,444
short_reversal__period20,short_reversal,NVDA,meanrev,-0.4825,-0.6379,-0.877,352
low_vol_regime__period20__ma_period60,low_vol_regime,NVDA,volatility,0.3668,0.0489,-0.3973,136
low_vol_regime__period20__ma_period120,low_vol_regime,NVDA,volatility,0.4266,-0.0879,-0.4017,170
low_vol_regime__period60__ma_period120,low_vol_regime,NVDA,volatility,0.4291,0.5213,-0.271,57
low_vol_regime__period20__ma_period252,low_vol_regime,NVDA,volatility,0.4415,0.1304,-0.4449,178
low_vol_regime__period60__ma_period252,low_vol_regime,NVDA,volatility,0.3523,-0.1021,-0.3669,56
low_vol_regime__period120__ma_period252,low_vol_regime,NVDA,volatility,0.1604,-0.0539,-0.289,32
nr_breakout__nr_period4__exit_bars3,nr_breakout,NVDA,pattern,-0.1793,0.2958,-0.35,986
nr_breakout__nr_period4__exit_bars5,nr_breakout,NVDA,pattern,0.3086,0.2009,-0.4059,760
nr_breakout__nr_period7__exit_bars3,nr_breakout,NVDA,pattern,0.0548,0.183,-0.3728,699
nr_breakout__nr_period7__exit_bars5,nr_breakout,NVDA,pattern,0.0289,0.1633,-0.384,599
nr_breakout__nr_period10__exit_bars5,nr_breakout,NVDA,pattern,-0.0545,0.2097,-0.3629,471
nr_breakout__nr_period10__exit_bars10,nr_breakout,NVDA,pattern,-0.2468,-0.1066,-0.5941,386
overnight_gap__period1__threshold0.001,overnight_gap,NVDA,volume,0.0858,0.5536,-0.5302,2185
overnight_gap__period1__threshold0.003,overnight_gap,NVDA,volume,0.0358,0.415,-0.5786,2410
overnight_gap__period3__threshold0.001,overnight_gap,NVDA,volume,0.0993,0.0114,-0.6572,1356
overnight_gap__period3__threshold0.003,overnight_gap,NVDA,volume,-0.1613,0.2792,-0.508,1451
overnight_gap__period5__threshold0.001,overnight_gap,NVDA,volume,-0.1111,0.1252,-0.5515,1149
overnight_gap__period5__threshold0.003,overnight_gap,NVDA,volume,-0.0486,0.2734,-0.4883,1096
coppock_curve__roc1252__roc2189__wma_period63,coppock_curve,NVDA,trend,0.5658,1.1712,-0.4999,6
coppock_curve__roc1189__roc2126__wma_period42,coppock_curve,NVDA,trend,0.7329,1.3102,-0.3888,9
coppock_curve__roc1126__roc2100__wma_period21,coppock_curve,NVDA,trend,0.8112,0.975,-0.4168,25
high52_momentum__period252__threshold0.7,high52_momentum,TSLA,trend,-0.1733,-0.2352,-0.88,297
high52_momentum__period252__threshold0.75,high52_momentum,TSLA,trend,-0.1163,-0.2751,-0.8751,287
high52_momentum__period252__threshold0.8,high52_momentum,TSLA,trend,0.1511,-0.1069,-0.7924,239
high52_momentum__period126__threshold0.7,high52_momentum,TSLA,trend,0.225,-0.2037,-0.8611,339
high52_momentum__period126__threshold0.75,high52_momentum,TSLA,trend,0.2191,0.0993,-0.7356,279
short_reversal__period5,short_reversal,TSLA,meanrev,-0.1346,-0.0031,-0.7893,724
short_reversal__period10,short_reversal,TSLA,meanrev,-0.2532,-0.1085,-0.7902,480
short_reversal__period15,short_reversal,TSLA,meanrev,-0.4479,0.2,-0.6933,397
short_reversal__period20,short_reversal,TSLA,meanrev,-0.7828,0.2288,-0.7395,334
low_vol_regime__period20__ma_period60,low_vol_regime,TSLA,volatility,0.2072,0.0855,-0.3832,138
low_vol_regime__period20__ma_period120,low_vol_regime,TSLA,volatility,0.1641,-0.0838,-0.633,114
low_vol_regime__period60__ma_period120,low_vol_regime,TSLA,volatility,0.0658,0.7247,-0.1939,44
low_vol_regime__period20__ma_period252,low_vol_regime,TSLA,volatility,-0.2154,-0.1064,-0.6241,124
low_vol_regime__period60__ma_period252,low_vol_regime,TSLA,volatility,-0.1644,-0.0147,-0.5798,48
low_vol_regime__period120__ma_period252,low_vol_regime,TSLA,volatility,-0.2717,0.4987,-0.176,24
nr_breakout__nr_period4__exit_bars3,nr_breakout,TSLA,pattern,0.5291,0.3132,-0.6868,961
nr_breakout__nr_period4__exit_bars5,nr_breakout,TSLA,pattern,0.4965,0.3447,-0.6684,727
nr_breakout__nr_period7__exit_bars3,nr_breakout,TSLA,pattern,0.5097,-0.8827,-0.8488,673
nr_breakout__nr_period7__exit_bars5,nr_breakout,TSLA,pattern,0.5921,0.1159,-0.6707,583
nr_breakout__nr_period10__exit_bars5,nr_breakout,TSLA,pattern,0.0942,0.2187,-0.5268,467
nr_breakout__nr_period10__exit_bars10,nr_breakout,TSLA,pattern,0.3634,0.0758,-0.636,368
overnight_gap__period1__threshold0.001,overnight_gap,TSLA,volume,-0.1355,0.6125,-0.7449,2056
overnight_gap__period1__threshold0.003,overnight_gap,TSLA,volume,-0.0171,0.4457,-0.8414,2264
overnight_gap__period3__threshold0.001,overnight_gap,TSLA,volume,0.2604,0.4642,-0.8744,1185
overnight_gap__period3__threshold0.003,overnight_gap,TSLA,volume,0.0733,0.9066,-0.7446,1389
overnight_gap__period5__threshold0.001,overnight_gap,TSLA,volume,0.3586,0.4068,-0.7971,981
overnight_gap__period5__threshold0.003,overnight_gap,TSLA,volume,0.2023,0.4092,-0.7567,1099
coppock_curve__roc1252__roc2189__wma_period63,coppock_curve,TSLA,trend,0.4945,-0.0201,-0.9117,16
coppock_curve__roc1189__roc2126__wma_period42,coppock_curve,TSLA,trend,0.4231,0.2342,-0.8355,24
coppock_curve__roc1126__roc2100__wma_period21,coppock_curve,TSLA,trend,0.4991,-0.4446,-0.9598,42
high52_momentum__period252__threshold0.7,high52_momentum,AMZN,trend,0.2285,0.3668,-0.4939,200
high52_momentum__period252__threshold0.75,high52_momentum,AMZN,trend,0.0591,0.3677,-0.4959,227
high52_momentum__period252__threshold0.8,high52_momentum,AMZN,trend,0.0395,0.5259,-0.3655,239
high52_momentum__period126__threshold0.7,high52_momentum,AMZN,trend,0.1124,0.2047,-0.5036,271
high52_momentum__period126__threshold0.75,high52_momentum,AMZN,trend,0.1037,0.3719,-0.3544,285
short_reversal__period5,short_reversal,AMZN,meanrev,0.2784,0.0128,-0.4425,768
short_reversal__period10,short_reversal,AMZN,meanrev,-0.0703,-0.3031,-0.657,503
short_reversal__period15,short_reversal,AMZN,meanrev,0.0368,-0.0896,-0.5668,398
short_reversal__period20,short_reversal,AMZN,meanrev,-0.3569,-0.1582,-0.6894,331
low_vol_regime__period20__ma_period60,low_vol_regime,AMZN,volatility,0.2489,0.2514,-0.1907,114
low_vol_regime__period20__ma_period120,low_vol_regime,AMZN,volatility,0.0636,0.4651,-0.3079,160
low_vol_regime__period60__ma_period120,low_vol_regime,AMZN,volatility,-0.1847,0.4697,-0.1883,66
low_vol_regime__period20__ma_period252,low_vol_regime,AMZN,volatility,0.0345,0.4216,-0.2776,136
low_vol_regime__period60__ma_period252,low_vol_regime,AMZN,volatility,0.0487,0.0588,-0.2973,52
low_vol_regime__period120__ma_period252,low_vol_regime,AMZN,volatility,0.0711,0.1048,-0.2377,42
nr_breakout__nr_period4__exit_bars3,nr_breakout,AMZN,pattern,0.4364,0.3126,-0.3651,937
nr_breakout__nr_period4__exit_bars5,nr_breakout,AMZN,pattern,0.22,0.1441,-0.3682,731
nr_breakout__nr_period7__exit_bars3,nr_breakout,AMZN,pattern,0.2269,0.962,-0.1991,676
nr_breakout__nr_period7__exit_bars5,nr_breakout,AMZN,pattern,0.045,0.8727,-0.1561,596
nr_breakout__nr_period10__exit_bars5,nr_breakout,AMZN,pattern,0.2126,0.6148,-0.2446,469
nr_breakout__nr_period10__exit_bars10,nr_breakout,AMZN,pattern,0.3511,0.4284,-0.3402,386
overnight_gap__period1__threshold0.001,overnight_gap,AMZN,volume,-0.2538,0.1469,-0.3904,2258
overnight_gap__period1__threshold0.003,overnight_gap,AMZN,volume,-0.3408,-0.0358,-0.3947,2460
overnight_gap__period3__threshold0.001,overnight_gap,AMZN,volume,-0.0845,0.233,-0.4158,1416
overnight_gap__period3__threshold0.003,overnight_gap,AMZN,volume,-0.334,0.1485,-0.3729,1365
overnight_gap__period5__threshold0.001,overnight_gap,AMZN,volume,-0.2472,0.1574,-0.385,1148
overnight_gap__period5__threshold0.003,overnight_gap,AMZN,volume,-0.1571,0.252,-0.3288,961
coppock_curve__roc1252__roc2189__wma_period63,coppock_curve,AMZN,trend,0.6886,0.9712,-0.3671,6
coppock_curve__roc1189__roc2126__wma_period42,coppock_curve,AMZN,trend,0.4464,0.6587,-0.4699,10
coppock_curve__roc1126__roc2100__wma_period21,coppock_curve,AMZN,trend,0.4919,0.5289,-0.4242,25
high52_momentum__period252__threshold0.7,high52_momentum,GOOGL,trend,-0.1213,0.3218,-0.3138,243
high52_momentum__period252__threshold0.75,high52_momentum,GOOGL,trend,-0.2923,0.527,-0.3135,233
high52_momentum__period252__threshold0.8,high52_momentum,GOOGL,trend,-0.2855,0.6227,-0.2576,251
high52_momentum__period126__threshold0.7,high52_momentum,GOOGL,trend,0.01,0.3092,-0.3494,275
high52_momentum__period126__threshold0.75,high52_momentum,GOOGL,trend,-0.2701,0.3943,-0.2763,305
short_reversal__period5,short_reversal,GOOGL,meanrev,0.2633,-0.2196,-0.5212,748
short_reversal__period10,short_reversal,GOOGL,meanrev,0.2042,-0.0475,-0.3337,539
short_reversal__period15,short_reversal,GOOGL,meanrev,-0.099,0.2608,-0.3906,405
short_reversal__period20,short_reversal,GOOGL,meanrev,0.003,-0.0525,-0.3846,355
low_vol_regime__period20__ma_period60,low_vol_regime,GOOGL,volatility,0.0468,-0.2589,-0.2605,144
low_vol_regime__period20__ma_period120,low_vol_regime,GOOGL,volatility,0.0046,0.2526,-0.2255,164
low_vol_regime__period60__ma_period120,low_vol_regime,GOOGL,volatility,0.147,0.3991,-0.149,40
low_vol_regime__period20__ma_period252,low_vol_regime,GOOGL,volatility,-0.2156,0.383,-0.1528,154
low_vol_regime__period60__ma_period252,low_vol_regime,GOOGL,volatility,0.1287,0.3088,-0.211,56
low_vol_regime__period120__ma_period252,low_vol_regime,GOOGL,volatility,-0.0492,-0.0502,-0.1505,32
nr_breakout__nr_period4__exit_bars3,nr_breakout,GOOGL,pattern,0.1236,0.6871,-0.2724,953
nr_breakout__nr_period4__exit_bars5,nr_breakout,GOOGL,pattern,0.0246,0.8116,-0.1747,731
nr_breakout__nr_period7__exit_bars3,nr_breakout,GOOGL,pattern,0.4133,0.1969,-0.1871,694
nr_breakout__nr_period7__exit_bars5,nr_breakout,GOOGL,pattern,0.2806,0.1979,-0.1902,600
nr_breakout__nr_period10__exit_bars5,nr_breakout,GOOGL,pattern,0.4322,-0.0652,-0.2419,454
nr_breakout__nr_period10__exit_bars10,nr_breakout,GOOGL,pattern,0.136,-0.1789,-0.3549,370
overnight_gap__period1__threshold0.001,overnight_gap,GOOGL,volume,-0.0556,0.9503,-0.3393,2294
overnight_gap__period1__threshold0.003,overnight_gap,GOOGL,volume,0.0618,0.8197,-0.3303,2386
overnight_gap__period3__threshold0.001,overnight_gap,GOOGL,volume,0.2096,0.0169,-0.4123,1458
overnight_gap__period3__threshold0.003,overnight_gap,GOOGL,volume,0.0784,0.1601,-0.3404,1277
overnight_gap__period5__threshold0.001,overnight_gap,GOOGL,volume,-0.303,-0.4145,-0.5441,1198
overnight_gap__period5__threshold0.003,overnight_gap,GOOGL,volume,0.0465,-0.135,-0.5446,840
coppock_curve__roc1252__roc2189__wma_period63,coppock_curve,GOOGL,trend,0.1285,0.6234,-0.3763,10
coppock_curve__roc1189__roc2126__wma_period42,coppock_curve,GOOGL,trend,0.3993,0.8147,-0.2622,12
coppock_curve__roc1126__roc2100__wma_period21,coppock_curve,GOOGL,trend,0.2896,0.4578,-0.4279,21
high52_momentum__period252__threshold0.7,high52_momentum,META,trend,0.7463,0.3618,-0.3159,103
high52_momentum__period252__threshold0.75,high52_momentum,META,trend,0.7761,0.2592,-0.2855,135
high52_momentum__period252__threshold0.8,high52_momentum,META,trend,0.5922,-0.0276,-0.3371,175
high52_momentum__period126__threshold0.7,high52_momentum,META,trend,0.3689,0.0439,-0.3655,237
high52_momentum__period126__threshold0.75,high52_momentum,META,trend,0.4888,0.0512,-0.3153,245
short_reversal__period5,short_reversal,META,meanrev,-0.0379,0.1012,-0.4226,633
short_reversal__period10,short_reversal,META,meanrev,0.5896,0.3766,-0.4278,450
short_reversal__period15,short_reversal,META,meanrev,-0.0649,-0.2376,-0.573,354
short_reversal__period20,short_reversal,META,meanrev,-0.4659,-0.0451,-0.562,285
low_vol_regime__period20__ma_period60,low_vol_regime,META,volatility,0.0525,0.0869,-0.1957,114
low_vol_regime__period20__ma_period120,low_vol_regime,META,volatility,0.2271,0.9181,-0.166,122
low_vol_regime__period60__ma_period120,low_vol_regime,META,volatility,-0.2489,0.275,-0.1602,34
low_vol_regime__period20__ma_period252,low_vol_regime,META,volatility,0.488,0.3955,-0.3649,116
low_vol_regime__period60__ma_period252,low_vol_regime,META,volatility,-0.1835,-0.1333,-0.5055,62
low_vol_regime__period120__ma_period252,low_vol_regime,META,volatility,-0.469,0.2552,-0.2125,34
nr_breakout__nr_period4__exit_bars3,nr_breakout,META,pattern,0.1615,-0.6013,-0.5298,812
nr_breakout__nr_period4__exit_bars5,nr_breakout,META,pattern,0.7114,0.236,-0.3201,624
nr_breakout__nr_period7__exit_bars3,nr_breakout,META,pattern,-0.0962,-0.6087,-0.4944,594
nr_breakout__nr_period7__exit_bars5,nr_breakout,META,pattern,0.2236,-0.3545,-0.4635,507
nr_breakout__nr_period10__exit_bars5,nr_breakout,META,pattern,0.3525,0.2038,-0.2883,408
nr_breakout__nr_period10__exit_bars10,nr_breakout,META,pattern,0.2254,0.1649,-0.2547,317
overnight_gap__period1__threshold0.001,overnight_gap,META,volume,0.2152,-0.2161,-0.519,1836
overnight_gap__period1__threshold0.003,overnight_gap,META,volume,0.2513,-0.5698,-0.6249,1983
overnight_gap__period3__threshold0.001,overnight_gap,META,volume,0.3255,0.2587,-0.3992,1230
overnight_gap__period3__threshold0.003,overnight_gap,META,volume,0.2685,-0.2249,-0.4278,1149
overnight_gap__period5__threshold0.001,overnight_gap,META,volume,0.2993,0.2225,-0.3892,967
overnight_gap__period5__threshold0.003,overnight_gap,META,volume,0.3654,-0.2003,-0.4124,804
coppock_curve__roc1252__roc2189__wma_period63,coppock_curve,META,trend,1.0315,0.1485,-0.5939,6
coppock_curve__roc1189__roc2126__wma_period42,coppock_curve,META,trend,0.8844,0.64,-0.354,6
coppock_curve__roc1126__roc2100__wma_period21,coppock_curve,META,trend,0.3198,0.7171,-0.2719,15
high52_momentum__period252__threshold0.7,high52_momentum,JPM,trend,0.0245,0.2842,-0.3971,187
high52_momentum__period252__threshold0.75,high52_momentum,JPM,trend,0.0008,0.4992,-0.2552,215
high52_momentum__period252__threshold0.8,high52_momentum,JPM,trend,0.0802,0.0942,-0.3846,249
high52_momentum__period126__threshold0.7,high52_momentum,JPM,trend,0.1503,-0.3525,-0.635,311
high52_momentum__period126__threshold0.75,high52_momentum,JPM,trend,-0.0091,-0.0736,-0.4814,345
short_reversal__period5,short_reversal,JPM,meanrev,-0.3701,0.0934,-0.3593,743
short_reversal__period10,short_reversal,JPM,meanrev,-0.1278,0.2958,-0.403,512
short_reversal__period15,short_reversal,JPM,meanrev,0.0997,0.3949,-0.4566,434
short_reversal__period20,short_reversal,JPM,meanrev,0.0989,-0.0423,-0.4729,356
low_vol_regime__period20__ma_period60,low_vol_regime,JPM,volatility,0.1409,0.2776,-0.1593,128
low_vol_regime__period20__ma_period120,low_vol_regime,JPM,volatility,-0.4077,0.437,-0.1954,178
low_vol_regime__period60__ma_period120,low_vol_regime,JPM,volatility,-0.4509,-0.3273,-0.4064,57
low_vol_regime__period20__ma_period252,low_vol_regime,JPM,volatility,-0.135,-0.2546,-0.313,172
low_vol_regime__period60__ma_period252,low_vol_regime,JPM,volatility,0.3258,-0.0344,-0.3312,48
low_vol_regime__period120__ma_period252,low_vol_regime,JPM,volatility,0.5767,0.7136,-0.1504,42
nr_breakout__nr_period4__exit_bars3,nr_breakout,JPM,pattern,-0.1177,0.0232,-0.4254,1005
nr_breakout__nr_period4__exit_bars5,nr_breakout,JPM,pattern,-0.3884,-0.3404,-0.5609,765
nr_breakout__nr_period7__exit_bars3,nr_breakout,JPM,pattern,-0.1698,0.1651,-0.2268,736
nr_breakout__nr_period7__exit_bars5,nr_breakout,JPM,pattern,-0.4043,0.1764,-0.3144,627
nr_breakout__nr_period10__exit_bars5,nr_breakout,JPM,pattern,-0.1769,-0.0489,-0.2763,490
nr_breakout__nr_period10__exit_bars10,nr_breakout,JPM,pattern,-0.2282,-0.3937,-0.4457,395
overnight_gap__period1__threshold0.001,overnight_gap,JPM,volume,-0.1355,0.1716,-0.2635,2306
overnight_gap__period1__threshold0.003,overnight_gap,JPM,volume,-0.2253,-0.1631,-0.3849,2475
overnight_gap__period3__threshold0.001,overnight_gap,JPM,volume,0.3108,-0.1456,-0.4487,1456
overnight_gap__period3__threshold0.003,overnight_gap,JPM,volume,0.268,-0.5729,-0.4409,1374
overnight_gap__period5__threshold0.001,overnight_gap,JPM,volume,0.3765,-0.2857,-0.5552,1267
overnight_gap__period5__threshold0.003,overnight_gap,JPM,volume,0.0417,-0.2677,-0.4693,957
coppock_curve__roc1252__roc2189__wma_period63,coppock_curve,JPM,trend,-0.079,0.312,-0.4245,12
coppock_curve__roc1189__roc2126__wma_period42,coppock_curve,JPM,trend,0.2409,0.9164,-0.3256,11
coppock_curve__roc1126__roc2100__wma_period21,coppock_curve,JPM,trend,0.4557,-0.2322,-0.6832,27
